"id";"title";"artist_id";"year";"producers"
"AL000166";"Leave Rich";"['A0000044']";"2024";"['Painful Entertainment', 'Walker-Davis Studios']"
"AL000631";"Above";"['A0000064']";"1988";"['Roberts-Wilson Entertainment', 'Anderson Group Sounds']"
"AL000657";"Role of Six";"['A0000094']";"2004";"['Brown-Scott Studios', 'Brown Brothers Productions']"
"AL000291";"Conference and Cost";"['A0000001']";"2009";"['Johnson Inc Music', 'Painful Entertainment']"
"AL000379";"Attorney";"['A0000098']";"1970";"['Anderson Group Sounds', 'Johnson Inc Music']"
"AL000668";"Minute of Commercial";"['A0000026']";"1960";"['Wright-Scott Productions']"
"AL000317";"The Door";"['A0000055']";"2022";"['Painful Entertainment']"
"AL000767";"Plant and Rate";"['A0000054']";"2014";"['Intergalactic Records', 'White Inc Music']"
"AL000928";"Rest of Gun";"['A0000061', 'A0000038']";"1973";"['White Inc Music']"
"AL000271";"What about Trouble";"['A0000007']";"2021";"['Wright-Scott Productions', 'Intergalactic Records']"
"AL000316";"What about Small";"['A0000012', 'A0000066']";"1991";"['Wright-Scott Productions']"
"AL000385";"Employee";"['A0000100']";"1994";"['Wright-Scott Productions', 'Intergalactic Records']"
"AL000652";"Direction";"['A0000011']";"1967";"['Trash Music']"
"AL000730";"Likely Country";"['A0000078', 'A0000087']";"2009";"['Walker-Davis Studios', 'Mcdonalds and Sons Productions']"
"AL000648";"The Real";"['A0000049']";"1987";"['Trash Music']"
"AL000263";"Upgradable non-volatile frame";"['A0000066']";"1988";"['Trash Music', 'Painful Entertainment']"
"AL000551";"Cloned tertiary moderator";"['A0000003']";"1982";"['Mcdonalds and Sons Productions', 'Walker-Davis Studios']"
"AL000001";"Profound 4thgeneration definition";"['A0000034']";"1973";"['Wright-Scott Productions']"
"AL000766";"Agency and Imagine";"['A0000046']";"2009";"['Walker-Davis Studios', 'Brown-Scott Studios']"
"AL000678";"Kid and Drug";"['A0000028']";"1970";"['Johnson Inc Music', 'White Inc Music']"
"AL000304";"The Officer";"['A0000007']";"1968";"['Trash Music']"
"AL000930";"Pre-emptive human-resource toolset";"['A0000062']";"1971";"['Anderson Group Sounds']"
"AL000588";"Fly Point";"['A0000088']";"2014";"['Johnson Inc Music', 'Brown Brothers Productions']"
"AL000250";"What about Fact";"['A0000040']";"2022";"['Anderson Group Sounds']"
"AL000285";"What about Tough";"['A0000084']";"1967";"['Wright-Scott Productions', 'White Inc Music']"
"AL000324";"Anything of Gun";"['A0000043']";"2017";"['Anderson Group Sounds', 'Roberts-Wilson Entertainment']"
"AL000167";"Piece and Same";"['A0000006', 'A0000091']";"1983";"['White Inc Music']"
"AL000331";"Should Take";"['A0000041']";"1969";"['Anderson Group Sounds', 'Intergalactic Records']"
"AL000238";"The Compare";"['A0000056']";"2018";"['Anderson Group Sounds']"
"AL000589";"Director of Here";"['A0000029']";"2005";"['Mcdonalds and Sons Productions']"
"AL000195";"Current of Although";"['A0000061']";"1964";"['Trash Music']"
"AL000446";"The Ten";"['A0000073']";"1963";"['Wright-Scott Productions']"
"AL000964";"Energy A";"['A0000029']";"2018";"['Johnson Inc Music']"
"AL000251";"Above Dark";"['A0000030']";"2007";"['Herman Group Productions', 'Walker-Davis Studios']"
"AL000734";"Ten and Nor";"['A0000081']";"2014";"['Roberts-Wilson Entertainment', 'Brown-Scott Studios']"
"AL000633";"Me of Democrat";"['A0000016']";"1963";"['Johnson Inc Music']"
"AL000925";"Cup of Effort";"['A0000074']";"2020";"['Walker-Davis Studios']"
"AL000872";"What about Ten";"['A0000046', 'A0000029']";"1980";"['Walker-Davis Studios', 'Anderson Group Sounds']"
"AL000954";"What about Note";"['A0000019']";"1960";"['Brown-Scott Studios']"
"AL000410";"The Threat";"['A0000076']";"1991";"['Herman Group Productions', 'Anderson Group Sounds']"
"AL000040";"Word Including";"['A0000021']";"1987";"['Intergalactic Records', 'Walker-Davis Studios']"
"AL000359";"Campaign He";"['A0000024']";"2003";"['Wright-Scott Productions']"
"AL000813";"Guy and Without";"['A0000037']";"1982";"['Walker-Davis Studios']"
"AL000878";"Successful Manage";"['A0000022']";"1967";"['Anderson Group Sounds']"
"AL000288";"Ask Never";"['A0000048']";"2011";"['Roberts-Wilson Entertainment']"
"AL000136";"Operative uniform paradigm";"['A0000008']";"1966";"['Mcdonalds and Sons Productions']"
"AL000413";"Become Media";"['A0000004']";"1984";"['Herman Group Productions']"
"AL000876";"Remember Along";"['A0000061']";"1989";"['Wright-Scott Productions', 'Painful Entertainment']"
"AL000694";"Relate of Family";"['A0000023']";"1985";"['Johnson Inc Music']"
"AL000689";"Then of Different";"['A0000082']";"2019";"['Intergalactic Records', 'Herman Group Productions']"
"AL000258";"Can Really";"['A0000085']";"1963";"['Walker-Davis Studios']"
"AL000586";"Family and Idea";"['A0000059']";"2020";"['Intergalactic Records']"
"AL000422";"Save Cover";"['A0000040']";"2023";"['Brown-Scott Studios']"
"AL000424";"Answer and Cover";"['A0000027']";"1977";"['Brown Brothers Productions']"
"AL000685";"What about Public";"['A0000024']";"1969";"['Anderson Group Sounds', 'Painful Entertainment']"
"AL000109";"Nor of Position";"['A0000050']";"1978";"['Wright-Scott Productions']"
"AL000106";"The Support";"['A0000033']";"2006";"['Roberts-Wilson Entertainment', 'Brown Brothers Productions']"
"AL000576";"Spring";"['A0000002']";"1986";"['Anderson Group Sounds']"
"AL000479";"Simply";"['A0000057']";"2004";"['Intergalactic Records']"
"AL000261";"What about Local";"['A0000056']";"1987";"['Painful Entertainment', 'Johnson Inc Music']"
"AL000378";"Present of Despite";"['A0000032']";"1968";"['Walker-Davis Studios']"
"AL000899";"Much";"['A0000050']";"1976";"['Mcdonalds and Sons Productions']"
"AL000274";"Networked logistical migration";"['A0000069', 'A0000051']";"2014";"['Brown-Scott Studios', 'Intergalactic Records']"
"AL000383";"Again";"['A0000017']";"1976";"['Brown Brothers Productions', 'Trash Music']"
"AL000710";"The Bank";"['A0000017']";"2013";"['Brown-Scott Studios']"
"AL000314";"Right-sized contextually-based solution";"['A0000081', 'A0000089']";"1962";"['Walker-Davis Studios']"
"AL000821";"North of Social";"['A0000007', 'A0000041']";"2020";"['Walker-Davis Studios', 'Mcdonalds and Sons Productions']"
"AL000969";"The Leg";"['A0000005', 'A0000071']";"2023";"['Trash Music', 'Anderson Group Sounds']"
"AL000248";"Down-sized 3rdgeneration knowledge user";"['A0000076']";"2015";"['Walker-Davis Studios']"
"AL000910";"Right Wrong";"['A0000085']";"2001";"['Walker-Davis Studios', 'Herman Group Productions']"
"AL000934";"Synergistic systematic moratorium";"['A0000044']";"2017";"['Herman Group Productions', 'Roberts-Wilson Entertainment']"
"AL000814";"Everybody and Task";"['A0000028']";"1971";"['Anderson Group Sounds']"
"AL000897";"What about Number";"['A0000015']";"1968";"['Brown Brothers Productions', 'White Inc Music']"
"AL000474";"The Floor";"['A0000004']";"1996";"['Brown Brothers Productions', 'Painful Entertainment']"
"AL000935";"What about Myself";"['A0000012']";"1972";"['Roberts-Wilson Entertainment', 'Intergalactic Records']"
"AL000367";"Own of Wish";"['A0000092']";"2014";"['Roberts-Wilson Entertainment', 'Brown-Scott Studios']"
"AL000746";"Enough Whose";"['A0000070']";"2021";"['Roberts-Wilson Entertainment']"
"AL000249";"Persevering 3rdgeneration time-frame";"['A0000098']";"2015";"['Mcdonalds and Sons Productions']"
"AL000322";"The Can";"['A0000058']";"2021";"['White Inc Music', 'Brown-Scott Studios']"
"AL000475";"Hour of Miss";"['A0000064', 'A0000036']";"2022";"['Wright-Scott Productions', 'Mcdonalds and Sons Productions']"
"AL000807";"Network of In";"['A0000024']";"1969";"['Trash Music', 'Brown-Scott Studios']"
"AL000468";"The Congress";"['A0000052']";"1987";"['Roberts-Wilson Entertainment']"
"AL000989";"Me Window";"['A0000047']";"2007";"['Intergalactic Records']"
"AL000641";"The Cover";"['A0000071']";"2022";"['Anderson Group Sounds', 'Trash Music']"
"AL000609";"Whom";"['A0000073']";"1977";"['Brown-Scott Studios', 'Anderson Group Sounds']"
"AL000007";"Consider and Type";"['A0000025']";"1987";"['Painful Entertainment']"
"AL000550";"Of";"['A0000080']";"2010";"['Intergalactic Records']"
"AL000266";"Son of Down";"['A0000033']";"2001";"['Trash Music', 'Johnson Inc Music']"
"AL000377";"Spring and Can";"['A0000077']";"2008";"['Painful Entertainment']"
"AL000890";"Lawyer Perform";"['A0000063']";"1971";"['Trash Music']"
"AL000145";"Hope of Beyond";"['A0000079']";"1995";"['Intergalactic Records', 'Walker-Davis Studios']"
"AL000131";"What about Adult";"['A0000007']";"1961";"['White Inc Music']"
"AL000223";"More Air";"['A0000040']";"1977";"['Brown-Scott Studios', 'White Inc Music']"
"AL000714";"Could of Claim";"['A0000004']";"1980";"['Brown-Scott Studios', 'White Inc Music']"
"AL000673";"What about Air";"['A0000062', 'A0000024']";"2006";"['Painful Entertainment', 'Mcdonalds and Sons Productions']"
"AL000994";"Like and Others";"['A0000003']";"1996";"['Brown-Scott Studios']"
"AL000407";"True of Once";"['A0000093']";"1970";"['Painful Entertainment']"
"AL000927";"The Tv";"['A0000040']";"2013";"['Painful Entertainment']"
"AL000428";"Laugh of Actually";"['A0000090', 'A0000094']";"1983";"['Painful Entertainment']"
"AL000733";"The Campaign";"['A0000093']";"2022";"['Roberts-Wilson Entertainment']"
"AL000158";"Strategy and Paper";"['A0000067']";"1989";"['Intergalactic Records']"
"AL000524";"Economy";"['A0000093']";"1987";"['Trash Music', 'Brown-Scott Studios']"
"AL000537";"Virtual even-keeled strategy";"['A0000080']";"2012";"['Mcdonalds and Sons Productions']"
"AL000692";"Style Without";"['A0000020']";"2015";"['Walker-Davis Studios', 'Mcdonalds and Sons Productions']"
"AL000755";"Ask";"['A0000090']";"2020";"['Mcdonalds and Sons Productions', 'Brown-Scott Studios']"
"AL000971";"Leave";"['A0000057']";"1984";"['Anderson Group Sounds', 'Painful Entertainment']"
"AL000780";"They and Plant";"['A0000086']";"2016";"['Wright-Scott Productions', 'Anderson Group Sounds']"
"AL000162";"Hand and Training";"['A0000098']";"1972";"['Walker-Davis Studios', 'Wright-Scott Productions']"
"AL000978";"Kind Technology";"['A0000018']";"1993";"['Brown Brothers Productions']"
"AL000434";"The Pretty";"['A0000071']";"1993";"['Brown Brothers Productions', 'Anderson Group Sounds']"
"AL000727";"What about Large";"['A0000087']";"2000";"['Anderson Group Sounds']"
"AL000605";"Triple-buffered foreground software";"['A0000057']";"1973";"['Brown-Scott Studios']"
"AL000120";"Bill of Item";"['A0000015']";"1984";"['Painful Entertainment', 'Anderson Group Sounds']"
"AL000100";"Kind";"['A0000057']";"1996";"['Herman Group Productions', 'Walker-Davis Studios']"
"AL000946";"What about Subject";"['A0000056']";"2015";"['Painful Entertainment']"
"AL000252";"What about Quality";"['A0000059']";"1993";"['Wright-Scott Productions']"
"AL000956";"The Civil";"['A0000100']";"1977";"['Johnson Inc Music', 'Brown-Scott Studios']"
"AL000217";"The Spring";"['A0000081']";"2023";"['Walker-Davis Studios']"
"AL000321";"Future-proofed logistical encoding";"['A0000100']";"1980";"['Brown-Scott Studios', 'Brown Brothers Productions']"
"AL000988";"Activity";"['A0000054']";"1967";"['Herman Group Productions']"
"AL000654";"History Interest";"['A0000069']";"1968";"['White Inc Music', 'Trash Music']"
"AL000197";"Bit Specific";"['A0000031']";"2024";"['Mcdonalds and Sons Productions']"
"AL000909";"Late";"['A0000086']";"1985";"['Trash Music', 'Mcdonalds and Sons Productions']"
"AL000525";"What about Best";"['A0000036']";"2018";"['Brown Brothers Productions']"
"AL000695";"The Respond";"['A0000010']";"1974";"['Mcdonalds and Sons Productions', 'Johnson Inc Music']"
"AL000865";"Maintain of Science";"['A0000090', 'A0000015']";"1967";"['Walker-Davis Studios', 'Trash Music']"
"AL000461";"Switchable upward-trending moderator";"['A0000076']";"1979";"['Trash Music']"
"AL000636";"Distributed human-resource approach";"['A0000068']";"1972";"['Herman Group Productions']"
"AL000784";"The Friend";"['A0000003']";"2014";"['Anderson Group Sounds']"
"AL000218";"Outside of Seven";"['A0000057']";"2012";"['Brown-Scott Studios']"
"AL000616";"The Lot";"['A0000044']";"2017";"['Mcdonalds and Sons Productions', 'Walker-Davis Studios']"
"AL000831";"Function-based modular methodology";"['A0000016']";"1998";"['Wright-Scott Productions', 'Herman Group Productions']"
"AL000628";"Billion Nearly";"['A0000026']";"2003";"['Roberts-Wilson Entertainment', 'White Inc Music']"
"AL000546";"The Decide";"['A0000045', 'A0000049']";"2019";"['Walker-Davis Studios']"
"AL000200";"Reveal and Able";"['A0000015']";"1978";"['Roberts-Wilson Entertainment']"
"AL000675";"Cup Across";"['A0000030']";"1984";"['Anderson Group Sounds']"
"AL000204";"Wide of Glass";"['A0000045']";"1985";"['Anderson Group Sounds', 'Herman Group Productions']"
"AL000018";"What about Cultural";"['A0000025']";"2005";"['Brown-Scott Studios', 'White Inc Music']"
"AL000982";"Customer-focused stable budgetary management";"['A0000031']";"2001";"['Intergalactic Records', 'Painful Entertainment']"
"AL000297";"Western and Gas";"['A0000074']";"1979";"['White Inc Music']"
"AL000382";"Really of Across";"['A0000016']";"2020";"['Brown Brothers Productions', 'Mcdonalds and Sons Productions']"
"AL000642";"What about Mother";"['A0000037', 'A0000096']";"1972";"['Painful Entertainment']"
"AL000247";"Those Despite";"['A0000011', 'A0000073']";"2006";"['Painful Entertainment', 'Johnson Inc Music']"
"AL000914";"The Good";"['A0000039']";"1986";"['Painful Entertainment']"
"AL000433";"Although and Parent";"['A0000017']";"1970";"['Brown-Scott Studios', 'Trash Music']"
"AL000711";"Front-line 24hour solution";"['A0000047']";"1978";"['Trash Music']"
"AL000682";"What about Indicate";"['A0000026']";"1967";"['Herman Group Productions', 'Brown-Scott Studios']"
"AL000153";"What about Nation";"['A0000051']";"2004";"['Roberts-Wilson Entertainment', 'Herman Group Productions']"
"AL000381";"Monitored human-resource middleware";"['A0000073']";"1998";"['Wright-Scott Productions', 'White Inc Music']"
"AL000054";"Profit-focused web-enabled help-desk";"['A0000060']";"1971";"['Brown Brothers Productions']"
"AL000562";"The Control";"['A0000006']";"2004";"['Roberts-Wilson Entertainment']"
"AL000737";"National Card";"['A0000098', 'A0000059']";"2015";"['Wright-Scott Productions', 'Anderson Group Sounds']"
"AL000497";"What about Home";"['A0000100']";"1963";"['Walker-Davis Studios']"
"AL000741";"Decentralized 24hour success";"['A0000077']";"2002";"['Painful Entertainment']"
"AL000154";"The Wish";"['A0000072']";"1972";"['Roberts-Wilson Entertainment', 'Intergalactic Records']"
"AL000753";"Three and Cut";"['A0000051']";"1987";"['Intergalactic Records', 'Johnson Inc Music']"
"AL000209";"Beat of Security";"['A0000080']";"1970";"['Brown Brothers Productions']"
"AL000395";"Energy of Blood";"['A0000068']";"1964";"['Roberts-Wilson Entertainment', 'Wright-Scott Productions']"
"AL000936";"Physical";"['A0000008']";"1992";"['Herman Group Productions', 'Brown-Scott Studios']"
"AL000509";"What about Second";"['A0000088']";"2007";"['Intergalactic Records']"
"AL000998";"The Artist";"['A0000059']";"1975";"['Brown-Scott Studios']"
"AL000639";"Democratic Receive";"['A0000095']";"2010";"['White Inc Music']"
"AL000750";"Goal Gun";"['A0000077']";"2000";"['Brown Brothers Productions', 'Wright-Scott Productions']"
"AL000602";"Just of Pick";"['A0000066']";"2006";"['Anderson Group Sounds']"
"AL000812";"Attention and Husband";"['A0000095', 'A0000029']";"2020";"['Brown Brothers Productions']"
"AL000610";"Hospital of Almost";"['A0000091']";"1964";"['Roberts-Wilson Entertainment', 'Anderson Group Sounds']"
"AL000150";"What about Science";"['A0000056']";"2000";"['Brown Brothers Productions', 'Walker-Davis Studios']"
"AL000945";"Small of Capital";"['A0000037']";"1972";"['White Inc Music']"
"AL000820";"Along and Respond";"['A0000063']";"2007";"['Wright-Scott Productions']"
"AL000553";"Music Actually";"['A0000050']";"1996";"['Mcdonalds and Sons Productions', 'Anderson Group Sounds']"
"AL000484";"What about Debate";"['A0000014']";"2009";"['Wright-Scott Productions']"
"AL000365";"What about Event";"['A0000015']";"1999";"['Roberts-Wilson Entertainment', 'Walker-Davis Studios']"
"AL000017";"Stand-alone maximized focus group";"['A0000047']";"1986";"['Walker-Davis Studios', 'Intergalactic Records']"
"AL000594";"What about Right";"['A0000006']";"1969";"['Wright-Scott Productions']"
"AL000839";"Sharable hybrid capacity";"['A0000037']";"1976";"['Brown-Scott Studios']"
"AL000065";"Instead";"['A0000015']";"1979";"['Johnson Inc Music']"
"AL000491";"Stuff Professor";"['A0000009']";"1979";"['Anderson Group Sounds', 'Johnson Inc Music']"
"AL000205";"The Myself";"['A0000080']";"1974";"['Walker-Davis Studios', 'White Inc Music']"
"AL000706";"The Benefit";"['A0000081']";"1974";"['Painful Entertainment']"
"AL000029";"Interview";"['A0000073']";"2010";"['Roberts-Wilson Entertainment']"
"AL000656";"Which and Fish";"['A0000005']";"1973";"['Trash Music']"
"AL000067";"Adaptive client-driven groupware";"['A0000042']";"1997";"['Trash Music', 'Brown Brothers Productions']"
"AL000460";"Light Accept";"['A0000096', 'A0000062']";"1997";"['Walker-Davis Studios']"
"AL000228";"Protect of Plan";"['A0000077']";"2017";"['Anderson Group Sounds', 'Painful Entertainment']"
"AL000094";"Open-architected mobile projection";"['A0000082']";"2001";"['White Inc Music']"
"AL000846";"What about Book";"['A0000062']";"2000";"['Trash Music', 'Mcdonalds and Sons Productions']"
"AL000894";"The Cost";"['A0000038']";"2016";"['Painful Entertainment']"
"AL000260";"Late and Site";"['A0000003']";"1973";"['Trash Music']"
"AL000783";"The Operation";"['A0000071']";"1971";"['Brown Brothers Productions']"
"AL000974";"Polarized high-level instruction set";"['A0000023']";"2012";"['Walker-Davis Studios']"
"AL000529";"Parent and Television";"['A0000092']";"1983";"['Roberts-Wilson Entertainment']"
"AL000398";"Today and Practice";"['A0000004']";"2005";"['Painful Entertainment', 'Wright-Scott Productions']"
"AL000824";"The Learn";"['A0000036']";"2014";"['Walker-Davis Studios']"
"AL000494";"The Race";"['A0000055']";"2015";"['Trash Music']"
"AL000083";"Type Life";"['A0000034']";"1987";"['Johnson Inc Music']"
"AL000573";"What about That";"['A0000071', 'A0000079']";"1981";"['Intergalactic Records']"
"AL000843";"Integrated heuristic open system";"['A0000063']";"2017";"['Brown Brothers Productions']"
"AL000235";"Center";"['A0000023']";"2019";"['White Inc Music', 'Painful Entertainment']"
"AL000440";"What about Worker";"['A0000003']";"1998";"['Intergalactic Records']"
"AL000085";"Progressive explicit encryption";"['A0000044']";"2013";"['Anderson Group Sounds', 'Brown-Scott Studios']"
"AL000731";"Capital and Later";"['A0000063']";"2018";"['Brown-Scott Studios']"
"AL000622";"The Rule";"['A0000100']";"2016";"['Brown-Scott Studios', 'Walker-Davis Studios']"
"AL000246";"Dinner";"['A0000064']";"2023";"['Painful Entertainment']"
"AL000789";"What about Manage";"['A0000005']";"1976";"['Mcdonalds and Sons Productions']"
"AL000196";"What about Rich";"['A0000026']";"1972";"['Herman Group Productions']"
"AL000117";"Whose Various";"['A0000083']";"1990";"['Intergalactic Records']"
"AL000761";"Myself";"['A0000032']";"1961";"['Brown-Scott Studios', 'Johnson Inc Music']"
"AL000203";"Official Spend";"['A0000079']";"1984";"['Brown Brothers Productions']"
"AL000337";"Face-to-face modular challenge";"['A0000097']";"2017";"['Herman Group Productions']"
"AL000361";"What about Week";"['A0000007']";"1960";"['Brown Brothers Productions']"
"AL000514";"List";"['A0000095', 'A0000017']";"2008";"['Brown Brothers Productions', 'Mcdonalds and Sons Productions']"
"AL000653";"The Exist";"['A0000092']";"1987";"['Trash Music', 'Johnson Inc Music']"
"AL000372";"Term Effect";"['A0000088', 'A0000081']";"2013";"['Painful Entertainment', 'Walker-Davis Studios']"
"AL000279";"Still and Home";"['A0000072']";"1977";"['Brown Brothers Productions', 'Herman Group Productions']"
"AL000867";"Arrive and Because";"['A0000066']";"1985";"['Herman Group Productions']"
"AL000847";"Discuss of Account";"['A0000019', 'A0000018']";"1979";"['Brown-Scott Studios', 'White Inc Music']"
"AL000921";"Seven Hair";"['A0000073']";"1976";"['White Inc Music', 'Herman Group Productions']"
"AL000775";"The Likely";"['A0000081']";"1997";"['Walker-Davis Studios']"
"AL000496";"Must and Space";"['A0000029', 'A0000088']";"1987";"['Wright-Scott Productions', 'Walker-Davis Studios']"
"AL000393";"What about Fight";"['A0000061']";"1964";"['Mcdonalds and Sons Productions']"
"AL000031";"Piece Ready";"['A0000071']";"2000";"['Painful Entertainment']"
"AL000643";"White";"['A0000069']";"1965";"['Johnson Inc Music', 'White Inc Music']"
"AL000104";"Or of Customer";"['A0000082']";"1990";"['Brown Brothers Productions', 'Roberts-Wilson Entertainment']"
"AL000236";"What about Positive";"['A0000096']";"2014";"['Mcdonalds and Sons Productions']"
"AL000962";"Discussion Book";"['A0000023']";"1986";"['Johnson Inc Music']"
"AL000572";"Book of Question";"['A0000021']";"1979";"['Johnson Inc Music', 'Trash Music']"
"AL000715";"Implemented web-enabled utilization";"['A0000082']";"2014";"['Painful Entertainment']"
"AL000922";"Pick of Sure";"['A0000100']";"1995";"['Johnson Inc Music']"
"AL000893";"Worry and Senior";"['A0000079']";"1967";"['White Inc Music', 'Johnson Inc Music']"
"AL000791";"Integrated 3rdgeneration info-mediaries";"['A0000090']";"2021";"['Walker-Davis Studios']"
"AL000315";"User-friendly encompassing time-frame";"['A0000087']";"2010";"['Johnson Inc Music', 'Brown Brothers Productions']"
"AL000570";"What about Information";"['A0000068']";"1997";"['Trash Music', 'Mcdonalds and Sons Productions']"
"AL000455";"Side";"['A0000093']";"1961";"['Painful Entertainment']"
"AL000585";"The Past";"['A0000066']";"1974";"['Roberts-Wilson Entertainment', 'Mcdonalds and Sons Productions']"
"AL000747";"Mandatory tertiary algorithm";"['A0000090']";"1986";"['Walker-Davis Studios']"
"AL000472";"What about Time";"['A0000082']";"2018";"['Roberts-Wilson Entertainment']"
"AL000823";"What about Everything";"['A0000021']";"2024";"['Herman Group Productions']"
"AL000355";"Couple and Challenge";"['A0000001']";"2003";"['Anderson Group Sounds']"
"AL000178";"Behavior of To";"['A0000007']";"1970";"['Intergalactic Records', 'Wright-Scott Productions']"
"AL000351";"Throughout Speech";"['A0000054']";"1990";"['Roberts-Wilson Entertainment', 'Anderson Group Sounds']"
"AL000486";"Health White";"['A0000099']";"1962";"['Walker-Davis Studios']"
"AL000961";"Shake of Weight";"['A0000071']";"1987";"['Roberts-Wilson Entertainment']"
"AL000607";"Themselves Director";"['A0000076']";"1967";"['Anderson Group Sounds', 'Painful Entertainment']"
"AL000992";"What about Raise";"['A0000034']";"1962";"['Anderson Group Sounds', 'Wright-Scott Productions']"
"AL000369";"The Official";"['A0000093']";"1984";"['Mcdonalds and Sons Productions', 'Trash Music']"
"AL000575";"Digitized tertiary implementation";"['A0000042']";"1965";"['Herman Group Productions', 'Brown Brothers Productions']"
"AL000032";"Team of Scientist";"['A0000083']";"2023";"['Anderson Group Sounds']"
"AL000532";"Team-oriented actuating methodology";"['A0000054']";"1960";"['Wright-Scott Productions', 'Mcdonalds and Sons Productions']"
"AL000929";"Consumer Customer";"['A0000041', 'A0000081']";"1998";"['Trash Music']"
"AL000033";"Life Friend";"['A0000005', 'A0000024']";"2018";"['Painful Entertainment', 'Herman Group Productions']"
"AL000277";"What about Professor";"['A0000068']";"2020";"['Johnson Inc Music', 'Trash Music']"
"AL000405";"Next Drive";"['A0000045']";"2015";"['Wright-Scott Productions']"
"AL000923";"Green";"['A0000046']";"2019";"['Wright-Scott Productions', 'Brown Brothers Productions']"
"AL000556";"What about Cost";"['A0000087', 'A0000023']";"2014";"['Mcdonalds and Sons Productions']"
"AL000273";"The Special";"['A0000038']";"1987";"['Walker-Davis Studios', 'Brown Brothers Productions']"
"AL000006";"What about Write";"['A0000032']";"1992";"['Mcdonalds and Sons Productions', 'Anderson Group Sounds']"
"AL000293";"Assimilated object-oriented concept";"['A0000067', 'A0000072']";"1982";"['Brown-Scott Studios']"
"AL000693";"Profound actuating software";"['A0000072', 'A0000097']";"2015";"['Painful Entertainment', 'Trash Music']"
"AL000192";"Management of Follow";"['A0000029']";"2019";"['Intergalactic Records', 'Herman Group Productions']"
"AL000023";"What about Mr";"['A0000026']";"1969";"['Roberts-Wilson Entertainment', 'Mcdonalds and Sons Productions']"
"AL000080";"Thing and Cost";"['A0000033']";"2014";"['Brown-Scott Studios']"
"AL000356";"Song of Wide";"['A0000090']";"1970";"['Wright-Scott Productions', 'Brown Brothers Productions']"
"AL000208";"But Should";"['A0000034']";"2022";"['Mcdonalds and Sons Productions']"
"AL000832";"Month";"['A0000099']";"2014";"['Roberts-Wilson Entertainment']"
"AL000287";"What about Course";"['A0000012', 'A0000011']";"2018";"['Trash Music', 'White Inc Music']"
"AL000967";"What about Drop";"['A0000088']";"1998";"['Brown-Scott Studios', 'Mcdonalds and Sons Productions']"
"AL000061";"If of Fact";"['A0000018']";"2018";"['Roberts-Wilson Entertainment']"
"AL000887";"Be";"['A0000014']";"1986";"['Trash Music']"
"AL000749";"Particularly of Magazine";"['A0000064']";"2023";"['Brown Brothers Productions']"
"AL000451";"What about Might";"['A0000005']";"2004";"['Johnson Inc Music', 'Brown-Scott Studios']"
"AL000561";"The Over";"['A0000023']";"2001";"['Anderson Group Sounds']"
"AL000055";"Parent";"['A0000053']";"2015";"['Johnson Inc Music']"
"AL000811";"What about Forward";"['A0000072']";"2005";"['White Inc Music']"
"AL000803";"Might and Line";"['A0000069']";"2021";"['Roberts-Wilson Entertainment']"
"AL000829";"Trial of Five";"['A0000079']";"1964";"['Brown-Scott Studios']"
"AL000184";"Market Fact";"['A0000087']";"1960";"['Mcdonalds and Sons Productions']"
"AL000729";"Up of Natural";"['A0000024', 'A0000056']";"1965";"['Mcdonalds and Sons Productions']"
"AL000728";"Decision";"['A0000016', 'A0000080']";"2006";"['Painful Entertainment', 'Roberts-Wilson Entertainment']"
"AL000590";"Leave Something";"['A0000098']";"2013";"['Wright-Scott Productions', 'Painful Entertainment']"
"AL000772";"Society and Girl";"['A0000050']";"2024";"['Mcdonalds and Sons Productions']"
"AL000836";"Stuff";"['A0000060']";"2015";"['Trash Music']"
"AL000088";"What about Phone";"['A0000046']";"1963";"['Walker-Davis Studios', 'Herman Group Productions']"
"AL000096";"Animal and So";"['A0000034']";"1983";"['Intergalactic Records', 'Wright-Scott Productions']"
"AL000128";"The Particular";"['A0000069']";"1974";"['Anderson Group Sounds']"
"AL000943";"What about Bad";"['A0000053']";"1976";"['Intergalactic Records']"
"AL000948";"View of School";"['A0000048', 'A0000026']";"2003";"['Mcdonalds and Sons Productions']"
"AL000164";"Rate of Race";"['A0000047']";"1970";"['Brown Brothers Productions', 'Walker-Davis Studios']"
"AL000515";"Fast of Walk";"['A0000021']";"1960";"['Herman Group Productions', 'Anderson Group Sounds']"
"AL000754";"Especially and Various";"['A0000002']";"2000";"['Roberts-Wilson Entertainment', 'Intergalactic Records']"
"AL000409";"Soldier";"['A0000003']";"2010";"['Walker-Davis Studios', 'Herman Group Productions']"
"AL000739";"Think of Wonder";"['A0000090', 'A0000038']";"1962";"['Herman Group Productions']"
"AL000891";"Multi-channeled systematic migration";"['A0000016']";"2016";"['Roberts-Wilson Entertainment']"
"AL000926";"Dog Clear";"['A0000009']";"1978";"['Herman Group Productions']"
"AL000702";"Majority Surface";"['A0000039']";"2016";"['Intergalactic Records', 'Wright-Scott Productions']"
"AL000171";"Imagine of Fear";"['A0000047']";"2019";"['Walker-Davis Studios']"
"AL000868";"Monitored foreground strategy";"['A0000012']";"1993";"['Walker-Davis Studios']"
"AL000309";"The Job";"['A0000076']";"1993";"['Brown-Scott Studios', 'Johnson Inc Music']"
"AL000765";"The Box";"['A0000023']";"2024";"['Roberts-Wilson Entertainment', 'White Inc Music']"
"AL000354";"What about Again";"['A0000044', 'A0000034']";"1981";"['Johnson Inc Music', 'White Inc Music']"
"AL000122";"Listen";"['A0000054']";"2021";"['Roberts-Wilson Entertainment', 'White Inc Music']"
"AL000527";"The Light";"['A0000058']";"1990";"['Roberts-Wilson Entertainment']"
"AL000786";"Grass-roots dynamic infrastructure";"['A0000032']";"1982";"['Brown-Scott Studios', 'White Inc Music']"
"AL000638";"Already and Only";"['A0000017']";"1970";"['Brown Brothers Productions', 'Herman Group Productions']"
"AL000276";"Learn";"['A0000085']";"2016";"['Painful Entertainment']"
"AL000387";"Gun and Until";"['A0000074']";"2001";"['Wright-Scott Productions']"
"AL000958";"Wide and Modern";"['A0000029']";"1995";"['Brown Brothers Productions', 'Wright-Scott Productions']"
"AL000905";"What about Despite";"['A0000043']";"1983";"['Mcdonalds and Sons Productions']"
"AL000688";"Hundred";"['A0000061']";"1993";"['Painful Entertainment']"
"AL000360";"The Part";"['A0000057']";"1965";"['Herman Group Productions', 'Anderson Group Sounds']"
"AL000535";"Stay of Former";"['A0000071']";"2011";"['Walker-Davis Studios']"
"AL000548";"User-friendly impactful secured line";"['A0000053']";"2003";"['Mcdonalds and Sons Productions']"
"AL000421";"Versatile mission-critical success";"['A0000049']";"1997";"['White Inc Music']"
"AL000272";"What about Image";"['A0000031']";"2014";"['Wright-Scott Productions', 'Painful Entertainment']"
"AL000674";"The Mrs";"['A0000022']";"1991";"['Wright-Scott Productions', 'Herman Group Productions']"
"AL000003";"Nearly of Avoid";"['A0000083']";"2005";"['Walker-Davis Studios']"
"AL000613";"Synergistic reciprocal array";"['A0000076', 'A0000097']";"1970";"['Anderson Group Sounds', 'White Inc Music']"
"AL000597";"The Particularly";"['A0000077']";"2009";"['Intergalactic Records']"
"AL000683";"Up-sized user-facing help-desk";"['A0000065']";"2006";"['Trash Music']"
"AL000725";"Suffer Game";"['A0000090']";"1970";"['Painful Entertainment']"
"AL000134";"What about Style";"['A0000080']";"2001";"['Roberts-Wilson Entertainment', 'Painful Entertainment']"
"AL000211";"Pm";"['A0000059']";"1971";"['Mcdonalds and Sons Productions', 'Trash Music']"
"AL000769";"Fear of Kitchen";"['A0000036']";"1998";"['Brown-Scott Studios', 'Painful Entertainment']"
"AL000239";"Mean National";"['A0000021', 'A0000027']";"2021";"['Trash Music', 'Herman Group Productions']"
"AL000168";"Move";"['A0000003']";"2019";"['Johnson Inc Music']"
"AL000953";"The Identify";"['A0000089']";"1968";"['Wright-Scott Productions']"
"AL000057";"What about Through";"['A0000005', 'A0000083']";"2021";"['Brown Brothers Productions', 'White Inc Music']"
"AL000805";"What about Statement";"['A0000027']";"1992";"['Intergalactic Records', 'Wright-Scott Productions']"
"AL000008";"Fast Option";"['A0000065']";"2007";"['Roberts-Wilson Entertainment']"
"AL000046";"Such";"['A0000048']";"1974";"['Painful Entertainment']"
"AL000864";"Wear of Measure";"['A0000095']";"1993";"['Trash Music']"
"AL000473";"Knowledge and Sign";"['A0000076']";"1978";"['Mcdonalds and Sons Productions']"
"AL000862";"The Provide";"['A0000010']";"1982";"['Anderson Group Sounds', 'White Inc Music']"
"AL000186";"Sound of Line";"['A0000088']";"2022";"['White Inc Music']"
"AL000886";"More and Tv";"['A0000032']";"2007";"['Wright-Scott Productions']"
"AL001000";"What about Level";"['A0000073']";"2006";"['White Inc Music', 'Herman Group Productions']"
"AL000651";"What about Land";"['A0000018']";"2016";"['Walker-Davis Studios', 'Roberts-Wilson Entertainment']"
"AL000056";"Fact of Month";"['A0000005']";"1968";"['Anderson Group Sounds']"
"AL000135";"Father";"['A0000026', 'A0000040']";"2011";"['Roberts-Wilson Entertainment']"
"AL000858";"Reach Defense";"['A0000039']";"2000";"['Trash Music']"
"AL000841";"Two";"['A0000099']";"1978";"['Brown Brothers Productions', 'Trash Music']"
"AL000471";"Step";"['A0000004']";"1995";"['Painful Entertainment', 'Anderson Group Sounds']"
"AL000240";"What about Care";"['A0000035', 'A0000020']";"2011";"['Herman Group Productions', 'Brown-Scott Studios']"
"AL000882";"Woman";"['A0000065', 'A0000014']";"1984";"['Intergalactic Records']"
"AL000492";"Daughter and Western";"['A0000031']";"1995";"['Anderson Group Sounds']"
"AL000414";"Least Nature";"['A0000028', 'A0000052']";"1977";"['Herman Group Productions', 'Intergalactic Records']"
"AL000499";"Down";"['A0000003']";"1962";"['Walker-Davis Studios', 'Trash Music']"
"AL000432";"The That";"['A0000042']";"2003";"['Brown-Scott Studios', 'White Inc Music']"
"AL000996";"Enter of Way";"['A0000080']";"1985";"['Brown-Scott Studios', 'Mcdonalds and Sons Productions']"
"AL000536";"Food and Week";"['A0000095']";"2017";"['Walker-Davis Studios', 'Mcdonalds and Sons Productions']"
"AL000959";"Newspaper and Lot";"['A0000057']";"1984";"['Wright-Scott Productions', 'White Inc Music']"
"AL000221";"Protect and Moment";"['A0000035']";"1999";"['White Inc Music', 'Herman Group Productions']"
"AL000225";"Business Protect";"['A0000048', 'A0000069']";"2003";"['Walker-Davis Studios', 'Brown Brothers Productions']"
"AL000408";"The Green";"['A0000055']";"2011";"['Wright-Scott Productions', 'Painful Entertainment']"
"AL000075";"Well and Response";"['A0000068']";"1961";"['Intergalactic Records']"
"AL000063";"Sell of Almost";"['A0000028']";"1982";"['Brown Brothers Productions']"
"AL000938";"Advanced composite flexibility";"['A0000095']";"2004";"['Trash Music']"
"AL000004";"Action General";"['A0000100']";"1976";"['Wright-Scott Productions', 'White Inc Music']"
"AL000255";"Smile of Life";"['A0000083']";"1960";"['Brown Brothers Productions', 'Trash Music']"
"AL000118";"Business-focused homogeneous budgetary management";"['A0000007']";"1967";"['Intergalactic Records', 'Anderson Group Sounds']"
"AL000419";"What about Or";"['A0000045']";"2013";"['Trash Music']"
"AL000951";"Enterprise-wide 3rdgeneration capacity";"['A0000059']";"1994";"['Anderson Group Sounds', 'Brown Brothers Productions']"
"AL000629";"What about Today";"['A0000009']";"2005";"['Herman Group Productions', 'Brown Brothers Productions']"
"AL000696";"Reach of Special";"['A0000022']";"1980";"['Mcdonalds and Sons Productions']"
"AL000476";"Social Else";"['A0000019', 'A0000010']";"1986";"['Johnson Inc Music']"
"AL000977";"Political Tend";"['A0000044']";"1999";"['Walker-Davis Studios']"
"AL000983";"Quality-focused responsive model";"['A0000078']";"1999";"['Johnson Inc Music', 'Wright-Scott Productions']"
"AL000663";"Dark";"['A0000079']";"1964";"['Trash Music', 'Johnson Inc Music']"
"AL000855";"Assimilated hybrid matrix";"['A0000003']";"1998";"['Wright-Scott Productions', 'Painful Entertainment']"
"AL000352";"Form and Entire";"['A0000080']";"1972";"['Mcdonalds and Sons Productions', 'Johnson Inc Music']"
"AL000490";"Affect Collection";"['A0000038']";"1971";"['Mcdonalds and Sons Productions']"
"AL000418";"With";"['A0000031']";"2002";"['Wright-Scott Productions']"
"AL000034";"Pull and When";"['A0000087']";"1984";"['Roberts-Wilson Entertainment']"
"AL000722";"Turn";"['A0000098']";"1968";"['Painful Entertainment', 'Wright-Scott Productions']"
"AL000773";"Phased dynamic paradigm";"['A0000015']";"1989";"['White Inc Music', 'Painful Entertainment']"
"AL000268";"The Thing";"['A0000071']";"2021";"['Trash Music', 'Brown Brothers Productions']"
"AL000603";"Agree of Challenge";"['A0000015']";"1982";"['Johnson Inc Music']"
"AL000397";"This";"['A0000086']";"1983";"['Intergalactic Records']"
"AL000286";"Heavy Final";"['A0000082']";"2009";"['Roberts-Wilson Entertainment', 'Brown Brothers Productions']"
"AL000979";"What about I";"['A0000054']";"2008";"['Roberts-Wilson Entertainment']"
"AL000137";"What about Interesting";"['A0000050']";"1973";"['Walker-Davis Studios']"
"AL000560";"What about Hospital";"['A0000009']";"1984";"['White Inc Music', 'Herman Group Productions']"
"AL000965";"Civil Above";"['A0000019']";"1984";"['Brown Brothers Productions']"
"AL000138";"What about Record";"['A0000033']";"1974";"['Walker-Davis Studios']"
"AL000810";"Myself and Already";"['A0000036']";"2009";"['Trash Music', 'Mcdonalds and Sons Productions']"
"AL000173";"What about Back";"['A0000015', 'A0000099']";"1968";"['Roberts-Wilson Entertainment']"
"AL000084";"Above and Environment";"['A0000024']";"2010";"['Johnson Inc Music']"
"AL000752";"Sea";"['A0000080']";"2000";"['Brown-Scott Studios', 'Wright-Scott Productions']"
"AL000717";"Size Poor";"['A0000018']";"1983";"['Wright-Scott Productions', 'Intergalactic Records']"
"AL000021";"Put of Thought";"['A0000054']";"2017";"['Herman Group Productions', 'Trash Music']"
"AL000815";"Democratic Employee";"['A0000020']";"2017";"['Mcdonalds and Sons Productions']"
"AL000066";"Example and Suffer";"['A0000062']";"1983";"['Johnson Inc Music', 'Brown-Scott Studios']"
"AL000507";"History of From";"['A0000081']";"2004";"['Roberts-Wilson Entertainment', 'Herman Group Productions']"
"AL000506";"Top and Close";"['A0000095']";"2001";"['Intergalactic Records', 'Trash Music']"
"AL000394";"It of Return";"['A0000062']";"1961";"['Roberts-Wilson Entertainment', 'Walker-Davis Studios']"
"AL000133";"From and Him";"['A0000100']";"2009";"['Roberts-Wilson Entertainment']"
"AL000429";"Hotel and Practice";"['A0000063']";"2003";"['Anderson Group Sounds', 'Painful Entertainment']"
"AL000157";"The Trip";"['A0000005']";"2004";"['Walker-Davis Studios']"
"AL000544";"Around";"['A0000002']";"1988";"['Mcdonalds and Sons Productions']"
"AL000828";"What about Admit";"['A0000054']";"1979";"['Brown-Scott Studios']"
"AL000047";"Program of Everyone";"['A0000019']";"2013";"['Painful Entertainment']"
"AL000842";"Ten and Near";"['A0000097']";"2005";"['Wright-Scott Productions']"
"AL000582";"Rule and Player";"['A0000032']";"1964";"['Brown-Scott Studios']"
"AL000431";"Whole and Popular";"['A0000099']";"1997";"['Anderson Group Sounds', 'Painful Entertainment']"
"AL000884";"Can";"['A0000042']";"1971";"['Wright-Scott Productions', 'Anderson Group Sounds']"
"AL000143";"Re-contextualized multimedia secured line";"['A0000016']";"1990";"['Johnson Inc Music']"
"AL000362";"Account";"['A0000078']";"2012";"['Brown Brothers Productions']"
"AL000904";"Assimilated clear-thinking utilization";"['A0000039']";"1971";"['Mcdonalds and Sons Productions']"
"AL000283";"Position and Use";"['A0000020', 'A0000032']";"1964";"['Johnson Inc Music']"
"AL000826";"Money and Everybody";"['A0000076']";"2019";"['Herman Group Productions']"
"AL000577";"What about Your";"['A0000019']";"1964";"['Mcdonalds and Sons Productions']"
"AL000559";"Go of Couple";"['A0000008']";"1963";"['White Inc Music', 'Anderson Group Sounds']"
"AL000713";"Sit";"['A0000042', 'A0000078']";"1965";"['White Inc Music', 'Trash Music']"
"AL000222";"What about East";"['A0000059']";"2005";"['Johnson Inc Music', 'Brown Brothers Productions']"
"AL000861";"Affect and Husband";"['A0000081']";"1975";"['Roberts-Wilson Entertainment', 'Painful Entertainment']"
"AL000976";"Networked 3rdgeneration system engine";"['A0000064']";"1997";"['White Inc Music', 'Roberts-Wilson Entertainment']"
"AL000538";"Dog";"['A0000032']";"2014";"['Trash Music', 'Wright-Scott Productions']"
"AL000053";"Ahead of Weight";"['A0000071']";"1980";"['White Inc Music', 'Anderson Group Sounds']"
"AL000488";"Only of Because";"['A0000025']";"1990";"['Mcdonalds and Sons Productions', 'Brown-Scott Studios']"
"AL000062";"Argue Animal";"['A0000005']";"1994";"['Brown Brothers Productions']"
"AL000871";"System";"['A0000084']";"2022";"['Anderson Group Sounds']"
"AL000817";"The Usually";"['A0000015']";"2001";"['White Inc Music', 'Johnson Inc Music']"
"AL000915";"Answer";"['A0000099']";"2022";"['Painful Entertainment', 'Anderson Group Sounds']"
"AL000620";"Seek of Ever";"['A0000008']";"1984";"['Anderson Group Sounds', 'Brown-Scott Studios']"
"AL000619";"Yet Year";"['A0000074']";"2011";"['Brown-Scott Studios', 'Walker-Davis Studios']"
"AL000970";"Off of Four";"['A0000016']";"1981";"['Anderson Group Sounds', 'Walker-Davis Studios']"
"AL000736";"Job";"['A0000008']";"1981";"['Walker-Davis Studios', 'Trash Music']"
"AL000883";"What about Movie";"['A0000068']";"2020";"['Walker-Davis Studios', 'Mcdonalds and Sons Productions']"
"AL000676";"Give and Bag";"['A0000008', 'A0000089']";"1995";"['Herman Group Productions']"
"AL000411";"Not and Skill";"['A0000037']";"1969";"['Wright-Scott Productions', 'Brown-Scott Studios']"
"AL000955";"Their and Office";"['A0000054']";"1983";"['Intergalactic Records', 'Mcdonalds and Sons Productions']"
"AL000091";"Test and Social";"['A0000084']";"1983";"['Brown Brothers Productions', 'Wright-Scott Productions']"
"AL000257";"Particularly and Doctor";"['A0000038']";"1973";"['Herman Group Productions', 'Walker-Davis Studios']"
"AL000880";"The Choice";"['A0000084', 'A0000005']";"2016";"['Anderson Group Sounds', 'Mcdonalds and Sons Productions']"
"AL000667";"Account of Miss";"['A0000037']";"2012";"['Mcdonalds and Sons Productions', 'Brown Brothers Productions']"
"AL000436";"Realize and Fear";"['A0000021']";"1977";"['Herman Group Productions']"
"AL000567";"The General";"['A0000084']";"1986";"['Walker-Davis Studios']"
"AL000229";"The Huge";"['A0000066']";"1995";"['Walker-Davis Studios', 'Herman Group Productions']"
"AL000242";"What about Poor";"['A0000056']";"1965";"['Roberts-Wilson Entertainment', 'Painful Entertainment']"
"AL000624";"Risk of Week";"['A0000039']";"1997";"['Intergalactic Records', 'Brown Brothers Productions']"
"AL000963";"What about Mean";"['A0000022']";"1960";"['Herman Group Productions']"
"AL000903";"What about Challenge";"['A0000020']";"2011";"['Intergalactic Records', 'Johnson Inc Music']"
"AL000781";"Suggest Offer";"['A0000043']";"2004";"['Trash Music']"
"AL000328";"Crime Clearly";"['A0000087', 'A0000051']";"2006";"['Trash Music', 'Painful Entertainment']"
"AL000658";"Themselves";"['A0000063', 'A0000056']";"1996";"['Intergalactic Records']"
"AL000012";"De-engineered coherent matrices";"['A0000086']";"2023";"['Intergalactic Records', 'Mcdonalds and Sons Productions']"
"AL000614";"The Save";"['A0000094']";"2014";"['Trash Music', 'Johnson Inc Music']"
"AL000226";"Central But";"['A0000006']";"2013";"['Painful Entertainment']"
"AL000090";"Pre-emptive dynamic intranet";"['A0000082', 'A0000036']";"2017";"['Roberts-Wilson Entertainment', 'Painful Entertainment']"
"AL000374";"Institution Whether";"['A0000026']";"2008";"['Painful Entertainment']"
"AL000199";"His and Apply";"['A0000064']";"2016";"['Herman Group Productions', 'Mcdonalds and Sons Productions']"
"AL000877";"The Someone";"['A0000066']";"1963";"['Roberts-Wilson Entertainment', 'Herman Group Productions']"
"AL000454";"Help and Watch";"['A0000001']";"2007";"['Brown Brothers Productions', 'Anderson Group Sounds']"
"AL000932";"Secured real-time forecast";"['A0000008']";"2015";"['Johnson Inc Music']"
"AL000793";"Surface";"['A0000054']";"1987";"['Intergalactic Records', 'Anderson Group Sounds']"
"AL000601";"The Ok";"['A0000088']";"1992";"['Mcdonalds and Sons Productions', 'Painful Entertainment']"
"AL000384";"Financial Station";"['A0000060']";"2011";"['Intergalactic Records', 'Herman Group Productions']"
"AL000724";"Into and Decision";"['A0000020']";"1989";"['Walker-Davis Studios', 'Wright-Scott Productions']"
"AL000716";"Life";"['A0000082']";"2000";"['Wright-Scott Productions', 'Brown-Scott Studios']"
"AL000112";"Range";"['A0000083', 'A0000016']";"1971";"['Wright-Scott Productions', 'Brown Brothers Productions']"
"AL000837";"What about Send";"['A0000051']";"1996";"['Roberts-Wilson Entertainment', 'Herman Group Productions']"
"AL000035";"Author of Decision";"['A0000076']";"1984";"['Roberts-Wilson Entertainment']"
"AL000937";"Lead and Each";"['A0000047']";"1996";"['Herman Group Productions']"
"AL000718";"Minute Instead";"['A0000033']";"1973";"['Herman Group Productions', 'White Inc Music']"
"AL000768";"Remain";"['A0000083']";"1964";"['Anderson Group Sounds']"
"AL000854";"What about Race";"['A0000072', 'A0000076']";"1983";"['Anderson Group Sounds']"
"AL000330";"Proactive non-volatile matrix";"['A0000021']";"1983";"['Mcdonalds and Sons Productions', 'Brown-Scott Studios']"
"AL000875";"But of Join";"['A0000053']";"2014";"['Johnson Inc Music']"
"AL000802";"The Their";"['A0000026']";"1997";"['Roberts-Wilson Entertainment', 'Johnson Inc Music']"
"AL000216";"Professor and Deep";"['A0000098']";"2011";"['Walker-Davis Studios']"
"AL000469";"What about Maybe";"['A0000085', 'A0000016']";"1975";"['Wright-Scott Productions', 'Anderson Group Sounds']"
"AL000606";"The Later";"['A0000054']";"1966";"['Johnson Inc Music']"
"AL000344";"The Republican";"['A0000088']";"1961";"['Trash Music']"
"AL000719";"Reality";"['A0000028']";"1996";"['Painful Entertainment', 'Wright-Scott Productions']"
"AL000292";"Box";"['A0000054']";"1963";"['White Inc Music', 'Herman Group Productions']"
"AL000808";"Assimilated multi-tasking infrastructure";"['A0000098']";"1982";"['Mcdonalds and Sons Productions']"
"AL000869";"Self-enabling 4thgeneration productivity";"['A0000005']";"2008";"['Roberts-Wilson Entertainment', 'Trash Music']"
"AL000707";"The Measure";"['A0000015']";"1999";"['Roberts-Wilson Entertainment']"
"AL000583";"General and Activity";"['A0000078']";"1971";"['Walker-Davis Studios']"
"AL000450";"Pay of Week";"['A0000052']";"1981";"['Intergalactic Records']"
"AL000569";"Robust reciprocal framework";"['A0000042', 'A0000037']";"1966";"['Walker-Davis Studios']"
"AL000591";"The Others";"['A0000021']";"1980";"['Johnson Inc Music', 'Roberts-Wilson Entertainment']"
"AL000074";"Arrive";"['A0000085']";"2017";"['Brown Brothers Productions']"
"AL000177";"Up-sized coherent customer loyalty";"['A0000077']";"1977";"['Johnson Inc Music', 'Mcdonalds and Sons Productions']"
"AL000038";"Improve of Audience";"['A0000072']";"1968";"['Anderson Group Sounds']"
"AL000543";"Adaptive directional help-desk";"['A0000052']";"1993";"['Walker-Davis Studios']"
"AL000176";"Worker and Approach";"['A0000009']";"2022";"['Trash Music']"
"AL000058";"Management and Lead";"['A0000089']";"1977";"['Walker-Davis Studios']"
"AL000437";"Cover Really";"['A0000046']";"2001";"['White Inc Music', 'Brown Brothers Productions']"
"AL000044";"Quality-focused systematic monitoring";"['A0000048']";"2014";"['Brown Brothers Productions']"
"AL000049";"Military";"['A0000073']";"1972";"['Roberts-Wilson Entertainment']"
"AL000312";"The Note";"['A0000015']";"1970";"['Roberts-Wilson Entertainment']"
"AL000175";"Concern of Security";"['A0000007']";"1975";"['Johnson Inc Music', 'Brown Brothers Productions']"
"AL000014";"Natural Sea";"['A0000001']";"2008";"['Intergalactic Records', 'Wright-Scott Productions']"
"AL000019";"What about Notice";"['A0000034']";"2013";"['Herman Group Productions']"
"AL000646";"Recognize";"['A0000038']";"1972";"['White Inc Music', 'Walker-Davis Studios']"
"AL000338";"The Common";"['A0000098']";"1995";"['Wright-Scott Productions', 'Walker-Davis Studios']"
"AL000672";"Go and Work";"['A0000055']";"2000";"['Intergalactic Records']"
"AL000299";"Office and Spring";"['A0000027']";"2012";"['Wright-Scott Productions']"
"AL000500";"Art";"['A0000040']";"1997";"['Intergalactic Records']"
"AL000435";"Reflect of People";"['A0000046']";"1972";"['Johnson Inc Music']"
"AL000027";"Green of Budget";"['A0000051']";"2008";"['Roberts-Wilson Entertainment', 'Wright-Scott Productions']"
"AL000863";"What about Become";"['A0000016']";"2003";"['Mcdonalds and Sons Productions']"
"AL000402";"Compare";"['A0000034']";"2010";"['Herman Group Productions']"
"AL000142";"The Loss";"['A0000057']";"2004";"['Walker-Davis Studios', 'Anderson Group Sounds']"
"AL000076";"What about Entire";"['A0000055']";"1991";"['Trash Music']"
"AL000036";"Multi-lateral methodical Internet solution";"['A0000017']";"1978";"['Brown Brothers Productions', 'Trash Music']"
"AL000458";"What about Power";"['A0000006']";"1965";"['Trash Music', 'Johnson Inc Music']"
"AL000495";"Time Expert";"['A0000096']";"1997";"['Wright-Scott Productions', 'Brown-Scott Studios']"
"AL000140";"May";"['A0000026']";"2019";"['Wright-Scott Productions']"
"AL000913";"See";"['A0000023']";"2014";"['Brown-Scott Studios']"
"AL000448";"Early of Yet";"['A0000031']";"1962";"['Herman Group Productions']"
"AL000534";"What about Long";"['A0000061']";"2014";"['Herman Group Productions']"
"AL000256";"Open-source solution-oriented capacity";"['A0000015']";"2004";"['White Inc Music', 'Brown-Scott Studios']"
"AL000329";"What about Peace";"['A0000067']";"1999";"['Herman Group Productions']"
"AL000339";"Scientist Sport";"['A0000035', 'A0000051']";"1964";"['Trash Music']"
"AL000126";"Government of On";"['A0000059']";"1970";"['Brown-Scott Studios', 'Johnson Inc Music']"
"AL000704";"Live";"['A0000097']";"2002";"['Walker-Davis Studios', 'Intergalactic Records']"
"AL000081";"The Reality";"['A0000046']";"1988";"['Roberts-Wilson Entertainment', 'Johnson Inc Music']"
"AL000237";"Probably of Dark";"['A0000036', 'A0000098']";"1979";"['Roberts-Wilson Entertainment']"
"AL000840";"Explain Sense";"['A0000048']";"1997";"['Intergalactic Records', 'Herman Group Productions']"
"AL000684";"Training of By";"['A0000079']";"2008";"['Anderson Group Sounds']"
"AL000420";"The Along";"['A0000092']";"2012";"['Brown Brothers Productions', 'Mcdonalds and Sons Productions']"
"AL000907";"Proactive value-added hierarchy";"['A0000063']";"2024";"['Brown-Scott Studios']"
"AL000522";"Sort of Audience";"['A0000038']";"1967";"['White Inc Music']"
"AL000389";"Arm of Whole";"['A0000092']";"2019";"['Wright-Scott Productions', 'Brown-Scott Studios']"
"AL000456";"Quality of Evidence";"['A0000015', 'A0000023']";"2005";"['White Inc Music', 'Intergalactic Records']"
"AL000565";"What about Market";"['A0000067']";"1978";"['Intergalactic Records', 'Trash Music']"
"AL000866";"Sign and Couple";"['A0000005']";"1979";"['Trash Music']"
"AL000540";"Open and Purpose";"['A0000023']";"2006";"['Johnson Inc Music', 'White Inc Music']"
"AL000980";"The Opportunity";"['A0000020']";"1985";"['Walker-Davis Studios', 'Brown-Scott Studios']"
"AL000165";"What about Certain";"['A0000025']";"1976";"['Johnson Inc Music']"
"AL000972";"The From";"['A0000097']";"1981";"['Brown-Scott Studios']"
"AL000519";"What about Finish";"['A0000036']";"2011";"['Walker-Davis Studios', 'Mcdonalds and Sons Productions']"
"AL000319";"The Two";"['A0000001']";"1972";"['Walker-Davis Studios']"
"AL000523";"Mr and Both";"['A0000049']";"1972";"['Walker-Davis Studios', 'Intergalactic Records']"
"AL000671";"The Cup";"['A0000052']";"1993";"['Trash Music', 'Brown-Scott Studios']"
"AL000901";"Look";"['A0000015', 'A0000011']";"1988";"['Brown Brothers Productions', 'Anderson Group Sounds']"
"AL000686";"What about Yet";"['A0000024']";"1981";"['Trash Music', 'Walker-Davis Studios']"
"AL000489";"Take First";"['A0000027']";"1979";"['White Inc Music']"
"AL000426";"Marriage and Company";"['A0000100']";"1969";"['Mcdonalds and Sons Productions']"
"AL000284";"The Movie";"['A0000046']";"1987";"['Johnson Inc Music', 'Roberts-Wilson Entertainment']"
"AL000579";"Distributed human-resource architecture";"['A0000041']";"2015";"['Wright-Scott Productions']"
"AL000931";"Involve of Class";"['A0000046']";"2001";"['Herman Group Productions', 'Anderson Group Sounds']"
"AL000999";"The Result";"['A0000016']";"1965";"['Brown Brothers Productions', 'Trash Music']"
"AL000152";"Field of Order";"['A0000021']";"1985";"['Brown-Scott Studios', 'Intergalactic Records']"
"AL000794";"Agent Increase";"['A0000017']";"2001";"['Wright-Scott Productions']"
"AL000009";"Economic and Rather";"['A0000094']";"2015";"['Anderson Group Sounds']"
"AL000632";"The Today";"['A0000066']";"1979";"['White Inc Music', 'Trash Music']"
"AL000191";"What about North";"['A0000071']";"1986";"['Walker-Davis Studios']"
"AL000327";"Trip";"['A0000029']";"2001";"['Trash Music']"
"AL000114";"Herself";"['A0000022']";"1970";"['Intergalactic Records', 'Wright-Scott Productions']"
"AL000557";"Require and Game";"['A0000052']";"1961";"['Painful Entertainment', 'Wright-Scott Productions']"
"AL000598";"Polarized user-facing frame";"['A0000002']";"1998";"['Brown Brothers Productions', 'Brown-Scott Studios']"
"AL000987";"The Early";"['A0000074']";"1996";"['Mcdonalds and Sons Productions', 'Trash Music']"
"AL000144";"See of Amount";"['A0000095']";"2010";"['Anderson Group Sounds', 'Herman Group Productions']"
"AL000213";"Leader Include";"['A0000050']";"2000";"['Painful Entertainment']"
"AL000640";"What about No";"['A0000028']";"1961";"['Roberts-Wilson Entertainment']"
"AL000404";"What about Ok";"['A0000013']";"1974";"['White Inc Music', 'Trash Music']"
"AL000281";"What about Blue";"['A0000008']";"2007";"['Brown Brothers Productions']"
"AL000697";"The Career";"['A0000031']";"1992";"['Brown-Scott Studios']"
"AL000289";"Consumer";"['A0000091']";"1994";"['Mcdonalds and Sons Productions']"
"AL000231";"What about Instead";"['A0000013']";"2022";"['Brown-Scott Studios']"
"AL000503";"Reactive high-level help-desk";"['A0000096']";"2001";"['White Inc Music', 'Brown-Scott Studios']"
"AL000623";"Debate";"['A0000050']";"1963";"['Johnson Inc Music']"
"AL000108";"What about High";"['A0000028']";"1993";"['Intergalactic Records', 'Trash Music']"
"AL000895";"Cross-group encompassing hardware";"['A0000019']";"2002";"['Wright-Scott Productions', 'Mcdonalds and Sons Productions']"
"AL000480";"Mean Use";"['A0000062', 'A0000029']";"1985";"['Herman Group Productions']"
"AL000463";"Profound grid-enabled matrices";"['A0000016']";"2005";"['Brown Brothers Productions', 'Brown-Scott Studios']"
"AL000368";"Reverse-engineered bandwidth-monitored orchestration";"['A0000074']";"2019";"['Roberts-Wilson Entertainment']"
"AL000099";"Money Cup";"['A0000051']";"1989";"['Trash Music', 'Roberts-Wilson Entertainment']"
"AL000518";"Attorney of Strong";"['A0000061', 'A0000074']";"1995";"['Painful Entertainment']"
"AL000986";"Your Yeah";"['A0000058']";"1982";"['Brown Brothers Productions', 'Brown-Scott Studios']"
"AL000156";"Business-focused optimal flexibility";"['A0000069']";"1983";"['Johnson Inc Music']"
"AL000141";"Outside";"['A0000083']";"1960";"['Walker-Davis Studios', 'Roberts-Wilson Entertainment']"
"AL000919";"Result and Break";"['A0000038', 'A0000078']";"1980";"['Painful Entertainment']"
"AL000795";"What about Serious";"['A0000022']";"1984";"['White Inc Music']"
"AL000968";"Way of Material";"['A0000038']";"2016";"['Walker-Davis Studios', 'Johnson Inc Music']"
"AL000625";"Respond";"['A0000076']";"1971";"['Trash Music', 'Roberts-Wilson Entertainment']"
"AL000174";"The Send";"['A0000033']";"1967";"['Herman Group Productions']"
"AL000107";"Include Nor";"['A0000068']";"1964";"['Walker-Davis Studios', 'White Inc Music']"
"AL000119";"Century of Nor";"['A0000087']";"1960";"['White Inc Music']"
"AL000253";"Page National";"['A0000022']";"1984";"['Brown Brothers Productions', 'Painful Entertainment']"
"AL000470";"Visionary composite migration";"['A0000069', 'A0000046']";"1993";"['Mcdonalds and Sons Productions', 'Painful Entertainment']"
"AL000966";"Yard";"['A0000078']";"1971";"['White Inc Music']"
"AL000415";"Coach Direction";"['A0000065']";"2011";"['White Inc Music', 'Painful Entertainment']"
"AL000070";"Teach of Most";"['A0000064']";"1982";"['Mcdonalds and Sons Productions']"
"AL000005";"What about Know";"['A0000058']";"1998";"['Anderson Group Sounds', 'White Inc Music']"
"AL000738";"Last";"['A0000075']";"2015";"['Walker-Davis Studios']"
"AL000599";"Big and What";"['A0000096', 'A0000015']";"2022";"['Mcdonalds and Sons Productions', 'White Inc Music']"
"AL000310";"Also of Onto";"['A0000065']";"1980";"['Herman Group Productions', 'Anderson Group Sounds']"
"AL000201";"Universal coherent moratorium";"['A0000038']";"2005";"['Painful Entertainment']"
"AL000300";"Although of Scene";"['A0000067']";"1963";"['Brown-Scott Studios']"
"AL000202";"What about Administration";"['A0000002', 'A0000034']";"1983";"['Intergalactic Records']"
"AL000207";"Function-based heuristic capability";"['A0000082']";"2014";"['Roberts-Wilson Entertainment', 'Intergalactic Records']"
"AL000690";"Add";"['A0000076']";"2000";"['Trash Music']"
"AL000224";"Phone and Doctor";"['A0000057']";"2022";"['Walker-Davis Studios']"
"AL000764";"The Fish";"['A0000033']";"1997";"['Brown-Scott Studios']"
"AL000334";"Reveal";"['A0000055']";"1983";"['Brown-Scott Studios', 'White Inc Music']"
"AL000630";"Switchable asynchronous capability";"['A0000078']";"1988";"['Intergalactic Records', 'Johnson Inc Music']"
"AL000305";"Light and Brother";"['A0000088']";"2020";"['Painful Entertainment']"
"AL000531";"Situation of Here";"['A0000091']";"1994";"['Intergalactic Records']"
"AL000997";"Progressive executive methodology";"['A0000029']";"1965";"['Walker-Davis Studios']"
"AL000318";"Popular and Along";"['A0000091']";"1992";"['Anderson Group Sounds']"
"AL000973";"All Skin";"['A0000005']";"2007";"['Johnson Inc Music', 'Mcdonalds and Sons Productions']"
"AL000079";"Become";"['A0000062', 'A0000075']";"2022";"['Wright-Scott Productions']"
"AL000596";"Firm War";"['A0000002']";"1990";"['Roberts-Wilson Entertainment', 'Painful Entertainment']"
"AL000265";"The Mention";"['A0000053']";"2002";"['Herman Group Productions']"
"AL000892";"The Truth";"['A0000050']";"1996";"['Painful Entertainment', 'Brown-Scott Studios']"
"AL000661";"What about Add";"['A0000060']";"2013";"['Brown Brothers Productions']"
"AL000161";"Interesting and Yes";"['A0000095']";"1984";"['Intergalactic Records', 'Johnson Inc Music']"
"AL000957";"Pattern of Hour";"['A0000097']";"1967";"['Anderson Group Sounds', 'Wright-Scott Productions']"
"AL000233";"What about On";"['A0000073']";"1981";"['Herman Group Productions']"
"AL000595";"What about Drive";"['A0000088']";"1965";"['Brown-Scott Studios', 'Anderson Group Sounds']"
"AL000853";"Structure";"['A0000085']";"1993";"['Trash Music', 'Brown-Scott Studios']"
"AL000649";"Value and Local";"['A0000061']";"2010";"['Painful Entertainment']"
"AL000189";"The Pm";"['A0000075']";"1966";"['Brown Brothers Productions']"
"AL000262";"Identify of Red";"['A0000013']";"1963";"['Intergalactic Records']"
"AL000600";"Term of Represent";"['A0000075']";"1965";"['Johnson Inc Music', 'Mcdonalds and Sons Productions']"
"AL000059";"Agency and Consider";"['A0000070']";"1994";"['Herman Group Productions']"
"AL000417";"Garden Coach";"['A0000042']";"2010";"['Wright-Scott Productions', 'Anderson Group Sounds']"
"AL000785";"Up-sized discrete moderator";"['A0000035', 'A0000092']";"2022";"['Roberts-Wilson Entertainment', 'Anderson Group Sounds']"
"AL000533";"Walk";"['A0000011']";"2014";"['Brown Brothers Productions', 'Johnson Inc Music']"
"AL000626";"The Eye";"['A0000100']";"2017";"['Wright-Scott Productions']"
"AL000790";"Public of Establish";"['A0000027']";"1993";"['Johnson Inc Music', 'Painful Entertainment']"
"AL000295";"On and System";"['A0000004']";"1990";"['Wright-Scott Productions']"
"AL000822";"Special and Each";"['A0000086']";"1965";"['Johnson Inc Music']"
"AL000634";"The Recent";"['A0000066']";"1981";"['Johnson Inc Music', 'Roberts-Wilson Entertainment']"
"AL000732";"Cultural Class";"['A0000011']";"1981";"['Brown-Scott Studios']"
"AL000111";"Balanced composite instruction set";"['A0000071']";"1985";"['Trash Music', 'Brown Brothers Productions']"
"AL000512";"Long";"['A0000052', 'A0000085']";"2000";"['Painful Entertainment', 'Roberts-Wilson Entertainment']"
"AL000441";"Size of Section";"['A0000018']";"1973";"['Johnson Inc Music', 'Herman Group Productions']"
"AL000816";"Treatment of Former";"['A0000034']";"2020";"['Roberts-Wilson Entertainment']"
"AL000587";"Enterprise-wide neutral superstructure";"['A0000045']";"1976";"['Roberts-Wilson Entertainment', 'Walker-Davis Studios']"
"AL000026";"The Scientist";"['A0000017', 'A0000049']";"1977";"['Herman Group Productions']"
"AL000020";"Weight of Actually";"['A0000078']";"1997";"['Intergalactic Records']"
"AL000332";"Sister";"['A0000043', 'A0000046']";"2011";"['Trash Music']"
"AL000149";"Short of Produce";"['A0000077']";"1990";"['Painful Entertainment', 'Anderson Group Sounds']"
"AL000198";"Rule Hold";"['A0000075']";"1990";"['Herman Group Productions', 'Brown Brothers Productions']"
"AL000993";"Apply of Nor";"['A0000074']";"2019";"['Trash Music']"
"AL000181";"What about Executive";"['A0000063']";"1964";"['Painful Entertainment']"
"AL000873";"What about Star";"['A0000035']";"1987";"['Walker-Davis Studios', 'Mcdonalds and Sons Productions']"
"AL000466";"Grass-roots intangible installation";"['A0000050']";"1973";"['Johnson Inc Music', 'Walker-Davis Studios']"
"AL000700";"Grow";"['A0000020']";"2005";"['Johnson Inc Music']"
"AL000116";"Successful";"['A0000012']";"1993";"['Roberts-Wilson Entertainment']"
"AL000105";"What about Daughter";"['A0000062']";"1988";"['Brown-Scott Studios', 'Walker-Davis Studios']"
"AL000990";"Seem Degree";"['A0000060']";"1978";"['Anderson Group Sounds']"
"AL000748";"Persevering attitude-oriented function";"['A0000081']";"2005";"['White Inc Music', 'Brown-Scott Studios']"
"AL000375";"What about Better";"['A0000070']";"2013";"['Painful Entertainment']"
"AL000275";"Go of Defense";"['A0000083']";"2004";"['Brown Brothers Productions']"
"AL000148";"What about Price";"['A0000010']";"1978";"['Anderson Group Sounds', 'Brown Brothers Productions']"
"AL000303";"Six and Safe";"['A0000003']";"1985";"['Herman Group Productions']"
"AL000194";"Player and War";"['A0000056']";"1966";"['Brown-Scott Studios', 'Mcdonalds and Sons Productions']"
"AL000797";"President of Heart";"['A0000039']";"1985";"['Intergalactic Records', 'White Inc Music']"
"AL000844";"Least and Capital";"['A0000038']";"1969";"['Walker-Davis Studios']"
"AL000511";"Self-enabling bi-directional structure";"['A0000043']";"2018";"['Brown Brothers Productions', 'Anderson Group Sounds']"
"AL000358";"Hold";"['A0000050']";"1981";"['Trash Music']"
"AL000425";"Future and Control";"['A0000062']";"2019";"['Brown Brothers Productions', 'Painful Entertainment']"
"AL000635";"Likely";"['A0000014']";"2014";"['Trash Music', 'Roberts-Wilson Entertainment']"
"AL000888";"What about Party";"['A0000033']";"1983";"['Painful Entertainment', 'Mcdonalds and Sons Productions']"
"AL000363";"The Reveal";"['A0000012', 'A0000091']";"1998";"['Roberts-Wilson Entertainment', 'White Inc Music']"
"AL000542";"What about Example";"['A0000074']";"2011";"['Johnson Inc Music', 'Trash Music']"
"AL000102";"De-engineered client-server matrix";"['A0000012']";"2003";"['Wright-Scott Productions']"
"AL000508";"Position and Draw";"['A0000081']";"1961";"['Brown Brothers Productions', 'Roberts-Wilson Entertainment']"
"AL000960";"Since and Place";"['A0000041']";"1987";"['Walker-Davis Studios', 'Trash Music']"
"AL000850";"Parent Talk";"['A0000044']";"1969";"['Herman Group Productions', 'Intergalactic Records']"
"AL000924";"Continue of Any";"['A0000096']";"1981";"['Brown Brothers Productions']"
"AL000709";"Level of Past";"['A0000024']";"2008";"['Intergalactic Records', 'Johnson Inc Music']"
"AL000013";"What about Design";"['A0000073']";"2004";"['Walker-Davis Studios', 'Wright-Scott Productions']"
"AL000939";"Wrong of If";"['A0000064']";"1984";"['Roberts-Wilson Entertainment']"
"AL000048";"Difficult";"['A0000020']";"1970";"['Herman Group Productions', 'Trash Music']"
"AL000307";"Fire of Many";"['A0000025']";"2009";"['Intergalactic Records']"
"AL000399";"The Happen";"['A0000046']";"1999";"['Intergalactic Records']"
"AL000848";"Sell";"['A0000064']";"2011";"['Painful Entertainment']"
"AL000445";"Plan";"['A0000005']";"1985";"['Walker-Davis Studios']"
"AL000845";"You";"['A0000087']";"1991";"['Wright-Scott Productions', 'Brown Brothers Productions']"
"AL000270";"Put of Among";"['A0000084']";"1974";"['Brown Brothers Productions', 'Roberts-Wilson Entertainment']"
"AL000086";"But of Manage";"['A0000080']";"2019";"['Johnson Inc Music', 'Anderson Group Sounds']"
"AL000698";"What about Least";"['A0000063']";"2004";"['White Inc Music', 'Mcdonalds and Sons Productions']"
"AL000520";"The Subject";"['A0000020']";"2020";"['Brown-Scott Studios', 'Intergalactic Records']"
"AL000464";"The You";"['A0000085']";"1971";"['Painful Entertainment', 'Anderson Group Sounds']"
"AL000230";"What about Tree";"['A0000039']";"1980";"['Walker-Davis Studios']"
"AL000751";"Thought and Chance";"['A0000062', 'A0000030']";"2020";"['Brown Brothers Productions', 'Roberts-Wilson Entertainment']"
"AL000830";"What about Off";"['A0000015', 'A0000057']";"1960";"['Intergalactic Records', 'Mcdonalds and Sons Productions']"
"AL000558";"Office of Fear";"['A0000099']";"2003";"['Trash Music', 'Brown Brothers Productions']"
"AL000336";"Multi-lateral mobile capacity";"['A0000051']";"2015";"['Trash Music']"
"AL000129";"Cultural and His";"['A0000080']";"2017";"['Trash Music', 'Herman Group Productions']"
"AL000578";"Memory Future";"['A0000076']";"2014";"['Wright-Scott Productions']"
"AL000911";"What about Population";"['A0000084']";"1960";"['Wright-Scott Productions', 'Walker-Davis Studios']"
"AL000423";"The Piece";"['A0000098']";"1963";"['Trash Music']"
"AL000621";"The Feel";"['A0000050']";"1978";"['Walker-Davis Studios', 'Roberts-Wilson Entertainment']"
"AL000045";"Fully-configurable radical paradigm";"['A0000021']";"2004";"['Wright-Scott Productions']"
"AL000870";"Process and Fine";"['A0000080']";"1965";"['Painful Entertainment']"
"AL000346";"What about Civil";"['A0000049']";"2002";"['Trash Music']"
"AL000068";"Character As";"['A0000003']";"1960";"['Wright-Scott Productions', 'Trash Music']"
"AL000669";"Virtual disintermediate migration";"['A0000073']";"1982";"['Painful Entertainment']"
"AL000373";"What about Soon";"['A0000019', 'A0000089']";"1991";"['Wright-Scott Productions', 'Trash Music']"
"AL000851";"Serve Nearly";"['A0000007']";"2008";"['Brown-Scott Studios']"
"AL000341";"Season";"['A0000006']";"1979";"['Brown-Scott Studios']"
"AL000584";"Week Detail";"['A0000065']";"1963";"['Painful Entertainment']"
"AL000220";"The School";"['A0000049']";"1971";"['Painful Entertainment', 'Brown-Scott Studios']"
"AL000320";"Four";"['A0000024']";"2023";"['Wright-Scott Productions']"
"AL000051";"Writer Impact";"['A0000089']";"2016";"['Herman Group Productions', 'Wright-Scott Productions']"
"AL000681";"Resource Color";"['A0000010']";"2008";"['Johnson Inc Music']"
"AL000950";"The Space";"['A0000029']";"1961";"['White Inc Music', 'Painful Entertainment']"
"AL000975";"Organized explicit moratorium";"['A0000014']";"2019";"['Brown Brothers Productions', 'Anderson Group Sounds']"
"AL000788";"What about Road";"['A0000087']";"1983";"['White Inc Music']"
"AL000947";"These Physical";"['A0000037']";"2010";"['Anderson Group Sounds', 'White Inc Music']"
"AL000259";"Blood Force";"['A0000025']";"2019";"['Painful Entertainment', 'Anderson Group Sounds']"
"AL000889";"Any and Capital";"['A0000056']";"1989";"['Intergalactic Records']"
"AL000679";"The Station";"['A0000065']";"2020";"['Anderson Group Sounds']"
"AL000323";"Impact";"['A0000015']";"2023";"['Roberts-Wilson Entertainment']"
"AL000089";"Polarized heuristic open system";"['A0000064']";"2005";"['Anderson Group Sounds']"
"AL000611";"Also of Star";"['A0000059']";"1992";"['Painful Entertainment']"
"AL000612";"What about Day";"['A0000064']";"2001";"['White Inc Music', 'Mcdonalds and Sons Productions']"
"AL000078";"Town Effort";"['A0000018']";"1962";"['Mcdonalds and Sons Productions']"
"AL000170";"Ever and None";"['A0000014']";"1982";"['Wright-Scott Productions']"
"AL000908";"Reactive attitude-oriented installation";"['A0000094']";"1983";"['Trash Music']"
"AL000349";"Dream and Call";"['A0000002']";"2006";"['Johnson Inc Music']"
"AL000179";"Trip and Hundred";"['A0000052', 'A0000098']";"1962";"['Mcdonalds and Sons Productions']"
"AL000985";"Possible of Down";"['A0000078']";"2022";"['Painful Entertainment']"
"AL000002";"Price";"['A0000043']";"1996";"['Brown-Scott Studios']"
"AL000896";"What about Source";"['A0000067']";"1989";"['Anderson Group Sounds']"
"AL000530";"Avoid";"['A0000052']";"1985";"['Johnson Inc Music', 'Mcdonalds and Sons Productions']"
"AL000467";"Require Choose";"['A0000001']";"1962";"['Painful Entertainment']"
"AL000860";"Wind and Ago";"['A0000010']";"2012";"['Intergalactic Records', 'Mcdonalds and Sons Productions']"
"AL000183";"Imagine";"['A0000005']";"1994";"['Painful Entertainment']"
"AL000125";"Take Number";"['A0000023']";"1999";"['Intergalactic Records', 'Brown Brothers Productions']"
"AL000874";"Fundamental bi-directional firmware";"['A0000029']";"2008";"['Johnson Inc Music', 'Brown-Scott Studios']"
"AL000796";"What about Behavior";"['A0000094']";"2022";"['Brown Brothers Productions']"
"AL000073";"Expect";"['A0000018']";"1987";"['Painful Entertainment', 'Herman Group Productions']"
"AL000308";"Lawyer";"['A0000052']";"2000";"['Herman Group Productions', 'Anderson Group Sounds']"
"AL000403";"Evening Whom";"['A0000083']";"1964";"['White Inc Music']"
"AL000400";"What about Special";"['A0000043']";"2020";"['Brown Brothers Productions', 'Herman Group Productions']"
"AL000042";"Project and Fear";"['A0000007']";"2001";"['Anderson Group Sounds']"
"AL000163";"Should Nor";"['A0000056']";"2023";"['Painful Entertainment']"
"AL000799";"What about Pick";"['A0000032']";"1992";"['Mcdonalds and Sons Productions']"
"AL000052";"Certain of Thank";"['A0000076']";"2020";"['Anderson Group Sounds']"
"AL000390";"Region";"['A0000068']";"1997";"['Painful Entertainment']"
"AL000655";"Profound bottom-line intranet";"['A0000008']";"1977";"['Trash Music', 'Anderson Group Sounds']"
"AL000762";"Purpose of Benefit";"['A0000023', 'A0000057']";"1979";"['Brown-Scott Studios', 'Trash Music']"
"AL000680";"Fund of House";"['A0000013']";"2011";"['Herman Group Productions', 'Wright-Scott Productions']"
"AL000743";"Synergized dedicated process improvement";"['A0000008']";"1974";"['Intergalactic Records', 'Wright-Scott Productions']"
"AL000093";"The Meet";"['A0000036']";"2019";"['Brown-Scott Studios']"
"AL000098";"Newspaper Might";"['A0000089']";"2013";"['Brown Brothers Productions']"
"AL000838";"Synergized 3rdgeneration hub";"['A0000046']";"2007";"['Intergalactic Records']"
"AL000190";"Fly of Chance";"['A0000084']";"1974";"['Roberts-Wilson Entertainment', 'Intergalactic Records']"
"AL000022";"Meeting and Front";"['A0000005']";"2004";"['Wright-Scott Productions']"
"AL000185";"Common";"['A0000005']";"1963";"['Roberts-Wilson Entertainment', 'Herman Group Productions']"
"AL000396";"Job and Administration";"['A0000012']";"2012";"['Intergalactic Records']"
"AL000169";"However Forget";"['A0000090']";"1990";"['Brown Brothers Productions', 'Trash Music']"
"AL000386";"Cross-platform logistical functionalities";"['A0000056']";"1996";"['Brown Brothers Productions']"
"AL000856";"Poor";"['A0000077']";"1991";"['Herman Group Productions', 'Brown-Scott Studios']"
"AL000453";"Federal of Every";"['A0000004']";"2019";"['Walker-Davis Studios', 'Brown-Scott Studios']"
"AL000115";"What about Law";"['A0000004']";"1997";"['Intergalactic Records']"
"AL000834";"Choice of Take";"['A0000089']";"1972";"['Brown-Scott Studios', 'White Inc Music']"
"AL000771";"Guess of Sport";"['A0000051', 'A0000095']";"1977";"['Wright-Scott Productions', 'Brown Brothers Productions']"
"AL000060";"Safe and Expert";"['A0000039']";"1984";"['Brown Brothers Productions']"
"AL000801";"Side and Fine";"['A0000025']";"2012";"['Brown-Scott Studios', 'Trash Music']"
"AL000427";"Free";"['A0000046']";"2021";"['Mcdonalds and Sons Productions']"
"AL000687";"What about Effect";"['A0000053', 'A0000060']";"1964";"['Brown-Scott Studios', 'Intergalactic Records']"
"AL000465";"Secured fault-tolerant policy";"['A0000090']";"2012";"['Anderson Group Sounds', 'Brown Brothers Productions']"
"AL000726";"General";"['A0000004']";"1976";"['Brown-Scott Studios']"
"AL000082";"Outside Approach";"['A0000011']";"2020";"['Intergalactic Records']"
"AL000206";"Machine";"['A0000062']";"1986";"['Wright-Scott Productions', 'Brown-Scott Studios']"
"AL000517";"Official Major";"['A0000064']";"2000";"['Anderson Group Sounds']"
"AL000335";"Wait";"['A0000031']";"1961";"['Mcdonalds and Sons Productions']"
"AL000155";"Car";"['A0000011']";"2009";"['Intergalactic Records', 'White Inc Music']"
"AL000699";"Little";"['A0000066']";"2020";"['Trash Music']"
"AL000376";"The Even";"['A0000040']";"2001";"['Mcdonalds and Sons Productions']"
"AL000487";"Structure and Range";"['A0000090']";"1984";"['White Inc Music']"
"AL000902";"The Shake";"['A0000046']";"1997";"['Brown-Scott Studios', 'Roberts-Wilson Entertainment']"
"AL000483";"Design Parent";"['A0000003']";"1994";"['Johnson Inc Music', 'Painful Entertainment']"
"AL000849";"What about Nearly";"['A0000091', 'A0000057']";"1973";"['Roberts-Wilson Entertainment']"
"AL000301";"What about Out";"['A0000068']";"1996";"['Painful Entertainment']"
"AL000952";"Possible";"['A0000077', 'A0000007']";"2019";"['Brown Brothers Productions', 'Wright-Scott Productions']"
"AL000798";"The";"['A0000088']";"2024";"['Brown-Scott Studios']"
"AL000110";"The Soldier";"['A0000012']";"1972";"['White Inc Music', 'Trash Music']"
"AL000348";"Role of Individual";"['A0000092']";"1995";"['Johnson Inc Music', 'Intergalactic Records']"
"AL000087";"Fundamental system-worthy adapter";"['A0000040']";"1986";"['Wright-Scott Productions', 'Walker-Davis Studios']"
"AL000742";"Switchable coherent initiative";"['A0000092']";"1974";"['Painful Entertainment']"
"AL000069";"What about Anything";"['A0000052']";"2011";"['Mcdonalds and Sons Productions']"
"AL000933";"What about Receive";"['A0000009']";"1967";"['White Inc Music']"
"AL000516";"Just of Loss";"['A0000039']";"1968";"['Anderson Group Sounds', 'Wright-Scott Productions']"
"AL000760";"Beat and Evening";"['A0000025']";"1999";"['Painful Entertainment']"
"AL000147";"The Election";"['A0000008', 'A0000038']";"2001";"['Intergalactic Records', 'Anderson Group Sounds']"
"AL000940";"Open-architected next generation encryption";"['A0000060']";"1978";"['Trash Music', 'Intergalactic Records']"
"AL000778";"Reveal Describe";"['A0000034']";"1989";"['Intergalactic Records', 'Mcdonalds and Sons Productions']"
"AL000132";"The Bad";"['A0000007']";"1976";"['Roberts-Wilson Entertainment', 'Brown Brothers Productions']"
"AL000885";"The Simple";"['A0000023']";"1981";"['Intergalactic Records']"
"AL000581";"They";"['A0000054']";"1966";"['White Inc Music']"
"AL000391";"Response and Each";"['A0000051']";"2007";"['Intergalactic Records', 'Painful Entertainment']"
"AL000124";"The South";"['A0000080', 'A0000022']";"2012";"['Roberts-Wilson Entertainment']"
"AL000294";"The When";"['A0000022']";"1964";"['Brown-Scott Studios', 'White Inc Music']"
"AL000857";"Future-proofed scalable function";"['A0000030']";"1960";"['Brown Brothers Productions', 'Johnson Inc Music']"
"AL000353";"Course of Its";"['A0000039']";"1964";"['Brown-Scott Studios']"
"AL000898";"At Who";"['A0000010']";"1975";"['Walker-Davis Studios', 'Mcdonalds and Sons Productions']"
"AL000593";"Forget of Because";"['A0000042']";"2017";"['Anderson Group Sounds', 'Johnson Inc Music']"
"AL000041";"What about Not";"['A0000098']";"2010";"['Walker-Davis Studios', 'White Inc Music']"
"AL000188";"Sign of Believe";"['A0000029']";"1983";"['Intergalactic Records']"
"AL000350";"Admit and Buy";"['A0000094']";"1974";"['Herman Group Productions']"
"AL000215";"Dog and Court";"['A0000008']";"1982";"['Intergalactic Records']"
"AL000159";"The A";"['A0000081']";"2006";"['Mcdonalds and Sons Productions', 'Wright-Scott Productions']"
"AL000745";"The Ground";"['A0000072']";"2023";"['Brown Brothers Productions']"
"AL000325";"Manage of Toward";"['A0000053']";"1978";"['Walker-Davis Studios', 'White Inc Music']"
"AL000918";"Something of Car";"['A0000025']";"2011";"['Walker-Davis Studios']"
"AL000121";"The Pick";"['A0000061']";"1980";"['Roberts-Wilson Entertainment', 'Herman Group Productions']"
"AL000103";"Reduced heuristic adapter";"['A0000074']";"1993";"['Brown Brothers Productions']"
"AL000827";"Advanced fresh-thinking database";"['A0000013']";"2016";"['Mcdonalds and Sons Productions', 'Roberts-Wilson Entertainment']"
"AL000030";"Reactive clear-thinking website";"['A0000091']";"1989";"['Wright-Scott Productions']"
"AL000296";"Great of Real";"['A0000088']";"2010";"['Wright-Scott Productions', 'Brown-Scott Studios']"
"AL000735";"The Four";"['A0000058']";"1984";"['Painful Entertainment', 'Anderson Group Sounds']"
"AL000392";"Relationship of Figure";"['A0000075']";"2017";"['White Inc Music', 'Walker-Davis Studios']"
"AL000313";"For";"['A0000077', 'A0000061']";"2003";"['Trash Music', 'Anderson Group Sounds']"
"AL000510";"Management of Mention";"['A0000088']";"2013";"['Brown Brothers Productions']"
"AL000644";"What about Simply";"['A0000038']";"1999";"['Brown-Scott Studios', 'Trash Music']"
"AL000545";"Test and Realize";"['A0000019']";"1977";"['Walker-Davis Studios', 'Anderson Group Sounds']"
"AL000139";"What about Soldier";"['A0000100', 'A0000097']";"2018";"['Walker-Davis Studios', 'Wright-Scott Productions']"
"AL000618";"Senior How";"['A0000013']";"1964";"['White Inc Music', 'Johnson Inc Music']"
"AL000245";"Less of Stop";"['A0000055']";"1967";"['Johnson Inc Music']"
"AL000180";"Buy";"['A0000011']";"1964";"['Brown Brothers Productions']"
"AL000833";"What about Head";"['A0000061', 'A0000053']";"1970";"['Painful Entertainment']"
"AL000859";"Life and Relate";"['A0000033', 'A0000004']";"2001";"['Roberts-Wilson Entertainment', 'Trash Music']"
"AL000818";"Happen of Seek";"['A0000010']";"1970";"['White Inc Music', 'Walker-Davis Studios']"
"AL000366";"His and Market";"['A0000096']";"1993";"['Walker-Davis Studios']"
"AL000852";"Specific and Social";"['A0000090']";"1985";"['Brown Brothers Productions']"
"AL000380";"Push and Stay";"['A0000036']";"1966";"['Anderson Group Sounds', 'Johnson Inc Music']"
"AL000571";"Worker of Fast";"['A0000060']";"2011";"['Trash Music', 'White Inc Music']"
"AL000703";"Quality of Of";"['A0000094']";"2009";"['Walker-Davis Studios', 'Anderson Group Sounds']"
"AL000333";"Finally of Others";"['A0000090']";"1965";"['Trash Music', 'Walker-Davis Studios']"
"AL000151";"Think and Industry";"['A0000083', 'A0000030']";"1982";"['Brown Brothers Productions', 'Anderson Group Sounds']"
"AL000592";"Painting";"['A0000088']";"2015";"['Herman Group Productions']"
"AL000459";"The Tax";"['A0000043']";"2001";"['Roberts-Wilson Entertainment', 'Wright-Scott Productions']"
"AL000825";"The Strong";"['A0000074', 'A0000010']";"1999";"['Intergalactic Records', 'Mcdonalds and Sons Productions']"
"AL000900";"What about Cup";"['A0000005']";"1976";"['Walker-Davis Studios', 'Wright-Scott Productions']"
"AL000792";"Cold";"['A0000097']";"2018";"['Wright-Scott Productions', 'Johnson Inc Music']"
"AL000552";"Budget";"['A0000027']";"1970";"['Roberts-Wilson Entertainment', 'Herman Group Productions']"
"AL000721";"What about His";"['A0000040']";"1999";"['Brown Brothers Productions', 'Mcdonalds and Sons Productions']"
"AL000477";"What about Find";"['A0000062']";"1999";"['Wright-Scott Productions', 'Johnson Inc Music']"
"AL000050";"What about Lead";"['A0000005']";"1963";"['Johnson Inc Music', 'Walker-Davis Studios']"
"AL000666";"Necessary of Car";"['A0000074', 'A0000022']";"1975";"['Walker-Davis Studios', 'Wright-Scott Productions']"
"AL000782";"Automated multi-state budgetary management";"['A0000097']";"1974";"['White Inc Music', 'Trash Music']"
"AL000493";"What about You";"['A0000034']";"1962";"['Johnson Inc Music', 'Trash Music']"
"AL000015";"The Field";"['A0000048']";"2005";"['Roberts-Wilson Entertainment', 'White Inc Music']"
"AL000095";"The Poor";"['A0000029']";"2006";"['Painful Entertainment']"
"AL000916";"Kid of Mention";"['A0000071']";"1971";"['Anderson Group Sounds', 'Intergalactic Records']"
"AL000505";"Triple-buffered tertiary product";"['A0000008']";"1963";"['Mcdonalds and Sons Productions', 'Walker-Davis Studios']"
"AL000554";"What about Likely";"['A0000097']";"2000";"['Brown-Scott Studios']"
"AL000809";"Save and Born";"['A0000065', 'A0000089']";"2011";"['Brown-Scott Studios']"
"AL000071";"First";"['A0000001']";"2022";"['Johnson Inc Music', 'Trash Music']"
"AL000574";"Stand";"['A0000100']";"1984";"['Trash Music']"
"AL000776";"Pretty";"['A0000090']";"1987";"['Johnson Inc Music']"
"AL000645";"Service of Weight";"['A0000027']";"1962";"['Intergalactic Records']"
"AL000757";"Enterprise-wide responsive Internet solution";"['A0000029']";"1977";"['Brown-Scott Studios']"
"AL000371";"Finish of Defense";"['A0000083']";"2013";"['Intergalactic Records', 'Anderson Group Sounds']"
"AL000566";"Last Avoid";"['A0000050']";"1967";"['Mcdonalds and Sons Productions']"
"AL000388";"Than Operation";"['A0000082']";"2014";"['Intergalactic Records', 'Wright-Scott Productions']"
"AL000637";"The Trial";"['A0000051']";"1970";"['Brown-Scott Studios', 'Johnson Inc Music']"
"AL000604";"However of Agency";"['A0000022']";"2006";"['Intergalactic Records']"
"AL000364";"The Herself";"['A0000076']";"2011";"['Anderson Group Sounds', 'Johnson Inc Music']"
"AL000779";"Read of No";"['A0000013', 'A0000045']";"2014";"['Trash Music']"
"AL000777";"Job and Risk";"['A0000034']";"1986";"['White Inc Music', 'Herman Group Productions']"
"AL000526";"Peace Class";"['A0000065']";"1985";"['Walker-Davis Studios']"
"AL000701";"Hear of Front";"['A0000086']";"2018";"['Brown Brothers Productions']"
"AL000647";"Move of Trouble";"['A0000007']";"1969";"['Painful Entertainment']"
"AL000539";"Compatible transitional task-force";"['A0000033', 'A0000078']";"1980";"['Herman Group Productions']"
"AL000430";"Reduce of Others";"['A0000095']";"1995";"['Anderson Group Sounds']"
"AL000443";"Compare of Piece";"['A0000036', 'A0000079']";"1981";"['Mcdonalds and Sons Productions']"
"AL000072";"Political";"['A0000075', 'A0000092']";"1996";"['Anderson Group Sounds']"
"AL000670";"Sport and Country";"['A0000089']";"2001";"['Roberts-Wilson Entertainment']"
"AL000835";"What about Trade";"['A0000043']";"1997";"['Mcdonalds and Sons Productions']"
"AL000241";"The Mean";"['A0000093', 'A0000078']";"1999";"['Trash Music']"
"AL000101";"Cross-group reciprocal knowledgebase";"['A0000028']";"1971";"['Johnson Inc Music', 'Mcdonalds and Sons Productions']"
"AL000340";"Compatible methodical flexibility";"['A0000068']";"1964";"['Painful Entertainment', 'Anderson Group Sounds']"
"AL000984";"What about Live";"['A0000011', 'A0000057']";"2008";"['Intergalactic Records']"
"AL000347";"Miss Program";"['A0000097']";"2004";"['Trash Music', 'White Inc Music']"
"AL000024";"The Stage";"['A0000021']";"2011";"['Johnson Inc Music']"
"AL000462";"What about Group";"['A0000003']";"1977";"['Herman Group Productions']"
"AL000227";"Like of Score";"['A0000018']";"2018";"['Painful Entertainment']"
"AL000452";"The Evidence";"['A0000071']";"1997";"['Mcdonalds and Sons Productions']"
"AL000991";"Adaptive cohesive software";"['A0000082']";"1961";"['White Inc Music', 'Brown Brothers Productions']"
"AL000442";"Natural";"['A0000015']";"1972";"['Roberts-Wilson Entertainment', 'Brown Brothers Productions']"
"AL000917";"Listen Better";"['A0000098']";"1983";"['Johnson Inc Music', 'Herman Group Productions']"
"AL000406";"Radio";"['A0000041']";"2004";"['Mcdonalds and Sons Productions']"
"AL000214";"Tonight Than";"['A0000094']";"1960";"['Intergalactic Records', 'Roberts-Wilson Entertainment']"
"AL000502";"The Goal";"['A0000047']";"1970";"['Intergalactic Records']"
"AL000130";"Class and Mean";"['A0000020']";"1991";"['Herman Group Productions']"
"AL000563";"What about Network";"['A0000012']";"2011";"['Anderson Group Sounds']"
"AL000187";"Admit and Prepare";"['A0000099']";"2014";"['Roberts-Wilson Entertainment']"
"AL000182";"Share Left";"['A0000045']";"1965";"['Anderson Group Sounds', 'Walker-Davis Studios']"
"AL000879";"Ahead";"['A0000003']";"1987";"['Brown Brothers Productions', 'Painful Entertainment']"
"AL000254";"Itself Security";"['A0000081']";"1988";"['White Inc Music', 'Walker-Davis Studios']"
"AL000010";"Thing Shoulder";"['A0000067']";"1996";"['Herman Group Productions']"
"AL000326";"Job of Action";"['A0000051']";"1970";"['Painful Entertainment']"
"AL000942";"Even Nothing";"['A0000037']";"1963";"['Wright-Scott Productions']"
"AL000665";"The Idea";"['A0000053']";"2024";"['Mcdonalds and Sons Productions']"
"AL000912";"Growth and Billion";"['A0000056']";"1972";"['White Inc Music', 'Intergalactic Records']"
"AL000438";"What about Character";"['A0000041']";"2020";"['Brown-Scott Studios', 'Trash Music']"
"AL000774";"Air of Notice";"['A0000087']";"2021";"['Wright-Scott Productions']"
"AL000219";"The American";"['A0000076']";"2007";"['Brown-Scott Studios']"
"AL000650";"Billion East";"['A0000043']";"2008";"['Mcdonalds and Sons Productions', 'Painful Entertainment']"
"AL000127";"The Agree";"['A0000056']";"1987";"['Anderson Group Sounds']"
"AL000705";"About and Political";"['A0000063']";"1967";"['Walker-Davis Studios']"
"AL000412";"Television Peace";"['A0000042']";"2017";"['Intergalactic Records', 'Mcdonalds and Sons Productions']"
"AL000949";"Too Former";"['A0000012']";"2000";"['Painful Entertainment', 'Roberts-Wilson Entertainment']"
"AL000758";"Our of Experience";"['A0000049']";"1965";"['Painful Entertainment']"
"AL000269";"Product and Town";"['A0000005', 'A0000027']";"1996";"['Walker-Davis Studios']"
"AL000113";"Implemented incremental strategy";"['A0000029']";"1974";"['Intergalactic Records']"
"AL000664";"Assimilated didactic function";"['A0000089']";"1981";"['White Inc Music']"
"AL000756";"The Hot";"['A0000013']";"2012";"['Anderson Group Sounds']"
"AL000210";"Capital and Admit";"['A0000091']";"2001";"['White Inc Music', 'Painful Entertainment']"
"AL000804";"The Wear";"['A0000061']";"1975";"['Johnson Inc Music', 'Brown Brothers Productions']"
"AL000097";"At Present";"['A0000085']";"1988";"['Johnson Inc Music', 'Brown-Scott Studios']"
"AL000787";"What about Degree";"['A0000035']";"1973";"['Intergalactic Records']"
"AL000457";"Right-sized global application";"['A0000064']";"2006";"['Wright-Scott Productions', 'Johnson Inc Music']"
"AL000712";"Itself and Movie";"['A0000087']";"2010";"['Roberts-Wilson Entertainment']"
"AL000342";"Air Article";"['A0000034']";"2009";"['Brown-Scott Studios', 'Painful Entertainment']"
"AL000280";"Industry Message";"['A0000009']";"1963";"['Anderson Group Sounds']"
"AL000345";"Switchable tertiary approach";"['A0000081']";"1978";"['Herman Group Productions']"
"AL000498";"What about Spring";"['A0000032']";"2015";"['Intergalactic Records']"
"AL000444";"Fish and Site";"['A0000094']";"1966";"['Roberts-Wilson Entertainment', 'Johnson Inc Music']"
"AL000401";"The Sell";"['A0000025']";"1977";"['Intergalactic Records', 'Brown-Scott Studios']"
"AL000232";"Total analyzing encryption";"['A0000076']";"1980";"['Johnson Inc Music', 'Painful Entertainment']"
"AL000981";"Sharable systemic approach";"['A0000067']";"2005";"['Brown Brothers Productions', 'Roberts-Wilson Entertainment']"
"AL000243";"What about Center";"['A0000003']";"2012";"['Mcdonalds and Sons Productions']"
"AL000660";"Kid of Rise";"['A0000028']";"2022";"['Johnson Inc Music']"
"AL000481";"Race of Training";"['A0000050']";"1993";"['Brown-Scott Studios']"
"AL000039";"Vision-oriented user-facing leverage";"['A0000054']";"1974";"['Brown Brothers Productions', 'Johnson Inc Music']"
"AL000447";"Property and Office";"['A0000021']";"1996";"['Anderson Group Sounds', 'Painful Entertainment']"
"AL000744";"Hit";"['A0000004']";"1975";"['Herman Group Productions']"
"AL000290";"The Determine";"['A0000017', 'A0000034']";"2000";"['Roberts-Wilson Entertainment']"
"AL000677";"Report Sing";"['A0000084']";"1967";"['Brown-Scott Studios']"
"AL000172";"The Create";"['A0000010']";"2021";"['Anderson Group Sounds']"
"AL000306";"Weight Source";"['A0000074']";"2019";"['Johnson Inc Music', 'Walker-Davis Studios']"
"AL000564";"Networked leadingedge methodology";"['A0000072']";"1979";"['Roberts-Wilson Entertainment']"
"AL000806";"Claim";"['A0000082', 'A0000034']";"1997";"['Trash Music', 'Wright-Scott Productions']"
"AL000025";"Debate and College";"['A0000078', 'A0000032']";"1974";"['Johnson Inc Music', 'Trash Music']"
"AL000267";"What about May";"['A0000097']";"2005";"['Roberts-Wilson Entertainment', 'Brown-Scott Studios']"
"AL000659";"Profit-focused systematic monitoring";"['A0000045']";"1963";"['White Inc Music', 'Johnson Inc Music']"
"AL000439";"What about Popular";"['A0000037']";"1982";"['Brown Brothers Productions', 'Johnson Inc Music']"
"AL000416";"Serious of Firm";"['A0000016']";"2016";"['Anderson Group Sounds', 'Roberts-Wilson Entertainment']"
"AL000617";"Believe of Mr";"['A0000048']";"1967";"['Anderson Group Sounds']"
"AL000092";"Various and Likely";"['A0000051']";"1961";"['Trash Music']"
"AL000740";"Evidence Guy";"['A0000084']";"1987";"['Painful Entertainment']"
"AL000580";"The Push";"['A0000055']";"2022";"['Anderson Group Sounds']"
"AL000146";"Analysis";"['A0000097']";"1979";"['Mcdonalds and Sons Productions', 'Painful Entertainment']"
"AL000944";"Network";"['A0000050']";"1966";"['White Inc Music', 'Herman Group Productions']"
"AL000343";"Everything";"['A0000077']";"2017";"['Walker-Davis Studios']"
"AL000482";"What about Mouth";"['A0000074']";"1984";"['Wright-Scott Productions', 'Roberts-Wilson Entertainment']"
"AL000541";"Nearly and Actually";"['A0000073', 'A0000074']";"2024";"['Brown Brothers Productions', 'Johnson Inc Music']"
"AL000302";"Actually and Use";"['A0000035']";"2015";"['Walker-Davis Studios']"
"AL000608";"Policy Authority";"['A0000073']";"1971";"['Walker-Davis Studios']"
"AL000662";"Truth of Tonight";"['A0000055']";"1991";"['Roberts-Wilson Entertainment', 'Walker-Davis Studios']"
"AL000282";"What about Agent";"['A0000075']";"2023";"['Wright-Scott Productions', 'Brown Brothers Productions']"
"AL000016";"What about Continue";"['A0000045']";"1992";"['Wright-Scott Productions']"
"AL000160";"Number";"['A0000074']";"2000";"['Anderson Group Sounds']"
"AL000995";"Organic 24hour matrices";"['A0000049']";"1967";"['Brown Brothers Productions', 'Brown-Scott Studios']"
"AL000881";"War of Many";"['A0000010', 'A0000051']";"1960";"['Intergalactic Records']"
"AL000555";"Three Red";"['A0000043']";"2005";"['Roberts-Wilson Entertainment', 'Anderson Group Sounds']"
"AL000941";"The Local";"['A0000040']";"2018";"['Painful Entertainment']"
"AL000513";"New of Particularly";"['A0000086']";"1962";"['Anderson Group Sounds']"
"AL000504";"The Few";"['A0000090']";"2014";"['Intergalactic Records', 'Johnson Inc Music']"
"AL000077";"Near of Learn";"['A0000058']";"1999";"['Intergalactic Records', 'Roberts-Wilson Entertainment']"
"AL000311";"Focused analyzing implementation";"['A0000048', 'A0000057']";"2005";"['Johnson Inc Music']"
"AL000568";"Synchronized analyzing software";"['A0000082']";"2016";"['Roberts-Wilson Entertainment']"
"AL000449";"Mind of Or";"['A0000067']";"2020";"['Anderson Group Sounds', 'White Inc Music']"
"AL000193";"Ever of Pm";"['A0000057']";"2023";"['Brown-Scott Studios', 'Brown Brothers Productions']"
"AL000298";"National and Company";"['A0000069']";"1977";"['Walker-Davis Studios']"
"AL000357";"Likely Clear";"['A0000003']";"2001";"['Anderson Group Sounds', 'Painful Entertainment']"
"AL000264";"Keep and Election";"['A0000041', 'A0000094']";"1965";"['Trash Music']"
"AL000691";"Anyone Especially";"['A0000085']";"1996";"['Herman Group Productions', 'Anderson Group Sounds']"
"AL000920";"Usually";"['A0000078']";"2011";"['Anderson Group Sounds']"
"AL000800";"Discuss and Once";"['A0000015']";"1989";"['Roberts-Wilson Entertainment', 'Walker-Davis Studios']"
"AL000037";"The Kid";"['A0000048']";"1963";"['Johnson Inc Music']"
"AL000043";"What about Next";"['A0000056']";"1977";"['Painful Entertainment']"
"AL000708";"The Thus";"['A0000013']";"1998";"['Wright-Scott Productions']"
"AL000212";"Once";"['A0000035']";"2004";"['Herman Group Productions', 'Painful Entertainment']"
"AL000763";"The Though";"['A0000096']";"2005";"['Trash Music']"
"AL000615";"Vote and Eat";"['A0000094', 'A0000093']";"2018";"['Johnson Inc Music']"
"AL000723";"Condition and Well";"['A0000099']";"1964";"['White Inc Music']"
"AL000123";"Assume of Benefit";"['A0000084']";"2018";"['Johnson Inc Music']"
"AL000501";"What about How";"['A0000023']";"1981";"['Johnson Inc Music']"
"AL000549";"Section and Site";"['A0000065']";"2001";"['Wright-Scott Productions', 'Roberts-Wilson Entertainment']"
"AL000278";"Allow and Campaign";"['A0000072']";"2023";"['Roberts-Wilson Entertainment']"
"AL000819";"What about Deep";"['A0000044']";"1960";"['Brown Brothers Productions', 'Trash Music']"
"AL000244";"What about Nothing";"['A0000008']";"1965";"['Anderson Group Sounds']"
"AL000011";"Though";"['A0000078', 'A0000081']";"2002";"['Johnson Inc Music']"
"AL000485";"Approach of Easy";"['A0000075']";"1985";"['Wright-Scott Productions']"
"AL000547";"Detail";"['A0000033']";"2021";"['Wright-Scott Productions', 'Walker-Davis Studios']"
"AL000234";"Digitized background knowledge user";"['A0000009']";"1999";"['Mcdonalds and Sons Productions']"
"AL000370";"What about Around";"['A0000059']";"2001";"['Herman Group Productions']"
"AL000906";"The Sing";"['A0000040']";"1980";"['Mcdonalds and Sons Productions', 'Herman Group Productions']"
"AL000478";"The Minute";"['A0000001']";"2000";"['Painful Entertainment']"
"AL000064";"The Stand";"['A0000024', 'A0000008']";"2007";"['Herman Group Productions', 'Mcdonalds and Sons Productions']"
"AL000528";"Oil Pick";"['A0000052']";"2010";"['Brown-Scott Studios']"
"AL000028";"Debate Water";"['A0000080']";"1968";"['Intergalactic Records']"
"AL000627";"Prepare";"['A0000023']";"1981";"['Herman Group Productions']"
"AL000521";"Digitized interactive implementation";"['A0000043']";"1982";"['Brown-Scott Studios']"
"AL000759";"Move of Town";"['A0000012']";"2019";"['Painful Entertainment']"
"AL000720";"Up";"['A0000050']";"2012";"['Walker-Davis Studios', 'Wright-Scott Productions']"
"AL000770";"What about Hundred";"['A0000074']";"1998";"['Johnson Inc Music']"
